Address,Point,Name,Value,Time
37,0,CT Drain,25423.0,2019-07-29 17:25:30
37,1,CT Drain Ave Rate,0.102,2019-07-29 17:25:30
37,2,CT Drain Instantaneous,0.041,2019-07-29 17:25:30
37,3,CT Drain Min,0.041,2019-07-29 17:25:30
37,4,CT Drain Max,0.041,2019-07-29 17:25:30
37,5,CT4 Makeup,1546.0,2019-07-29 17:25:30
37,6,CT4 Makeup Ave Rate,0.0,2019-07-29 17:25:30
37,10,CT5 Makeup,999878.0,2019-07-29 17:25:30
37,11,CT5 Makeup Ave Rate,0.407,2019-07-29 17:25:30
37,12,CT5 Makeup Instantaneous,0.413,2019-07-29 17:25:30
37,13,CT5 Makeup Min,0.138,2019-07-29 17:25:30
37,14,CT5 Makeup Max,0.413,2019-07-29 17:25:30
37,2,CT Drain Instantaneous,0.040999999999999995,2019-07-29 17:25:30
37,3,CT Drain Min,0.040999999999999995,2019-07-29 17:25:30
37,4,CT Drain Max,0.040999999999999995,2019-07-29 17:25:30
37,11,CT5 Makeup Ave Rate,0.40700000000000003,2019-07-29 17:25:30
37,15,CT Makeup From B50,14398.0,2019-07-29 17:25:30
37,16,CT Makeup From B50 Ave Rate,0.0,2019-07-29 17:25:30
37,40,Output 01,0.0,2019-07-29 17:25:30
37,41,Output 02,0.0,2019-07-29 17:25:30
37,0,CT Drain,25423.0,2019-07-29 17:32:30
37,1,CT Drain Ave Rate,0.0,2019-07-29 17:32:30
37,5,CT4 Makeup,1546.0,2019-07-29 17:32:30
37,6,CT4 Makeup Ave Rate,0.0,2019-07-29 17:32:30
37,10,CT5 Makeup,999881.0,2019-07-29 17:32:30
37,11,CT5 Makeup Ave Rate,0.429,2019-07-29 17:32:30
37,12,CT5 Makeup Instantaneous,0.409,2019-07-29 17:32:30
37,13,CT5 Makeup Min,0.409,2019-07-29 17:32:30
37,14,CT5 Makeup Max,0.41,2019-07-29 17:32:30
37,15,CT Makeup From B50,14398.0,2019-07-29 17:32:30
37,16,CT Makeup From B50 Ave Rate,0.0,2019-07-29 17:32:30
37,40,Output 01,0.0,2019-07-29 17:32:30
37,41,Output 02,0.0,2019-07-29 17:32:30
37,0,CT Drain,25423.0,2019-07-29 17:36:51
37,1,CT Drain Ave Rate,0.0,2019-07-29 17:36:51
37,5,CT4 Makeup,1546.0,2019-07-29 17:36:51
37,6,CT4 Makeup Ave Rate,0.0,2019-07-29 17:36:51
37,10,CT5 Makeup,999883.0,2019-07-29 17:36:51
37,11,CT5 Makeup Ave Rate,0.46,2019-07-29 17:36:51
37,12,CT5 Makeup Instantaneous,0.412,2019-07-29 17:36:51
37,13,CT5 Makeup Min,0.41,2019-07-29 17:36:51
37,14,CT5 Makeup Max,0.412,2019-07-29 17:36:51
37,12,CT5 Makeup Instantaneous,0.41200000000000003,2019-07-29 17:36:51
37,14,CT5 Makeup Max,0.41200000000000003,2019-07-29 17:36:51
37,15,CT Makeup From B50,14398.0,2019-07-29 17:36:51
37,16,CT Makeup From B50 Ave Rate,0.0,2019-07-29 17:36:51
37,40,Output 01,0.0,2019-07-29 17:36:51
37,41,Output 02,0.0,2019-07-29 17:36:51
37,0,CT Drain,25423.0,2019-07-29 17:42:11
37,1,CT Drain Ave Rate,0.0,2019-07-29 17:42:11
37,5,CT4 Makeup,1546.0,2019-07-29 17:42:11
37,6,CT4 Makeup Ave Rate,0.0,2019-07-29 17:42:11
37,10,CT5 Makeup,999885.0,2019-07-29 17:42:11
37,11,CT5 Makeup Ave Rate,0.375,2019-07-29 17:42:11
37,12,CT5 Makeup Instantaneous,0.418,2019-07-29 17:42:11
37,13,CT5 Makeup Min,0.41600000000000004,2019-07-29 17:42:11
37,14,CT5 Makeup Max,0.418,2019-07-29 17:42:11
37,13,CT5 Makeup Min,0.416,2019-07-29 17:42:11
37,15,CT Makeup From B50,14398.0,2019-07-29 17:42:11
37,16,CT Makeup From B50 Ave Rate,0.0,2019-07-29 17:42:11
37,40,Output 01,0.0,2019-07-29 17:42:11
37,41,Output 02,0.0,2019-07-29 17:42:11
37,0,CT Drain,25423.0,2019-07-29 17:45:13
37,1,CT Drain Ave Rate,0.0,2019-07-29 17:45:13
37,5,CT4 Makeup,1546.0,2019-07-29 17:45:13
37,6,CT4 Makeup Ave Rate,0.0,2019-07-29 17:45:13
37,10,CT5 Makeup,999887.0,2019-07-29 17:45:13
37,11,CT5 Makeup Ave Rate,0.659,2019-07-29 17:45:13
37,12,CT5 Makeup Instantaneous,0.418,2019-07-29 17:45:13
37,13,CT5 Makeup Min,0.417,2019-07-29 17:45:13
37,14,CT5 Makeup Max,0.418,2019-07-29 17:45:13
37,13,CT5 Makeup Min,0.41700000000000004,2019-07-29 17:45:13
37,15,CT Makeup From B50,14398.0,2019-07-29 17:45:13
37,16,CT Makeup From B50 Ave Rate,0.0,2019-07-29 17:45:13
37,40,Output 01,0.0,2019-07-29 17:45:13
37,41,Output 02,0.0,2019-07-29 17:45:13
37,0,CT Drain,25424.0,2019-07-29 17:51:40
37,1,CT Drain Ave Rate,0.155,2019-07-29 17:51:40
37,2,CT Drain Instantaneous,0.035,2019-07-29 17:51:40
37,3,CT Drain Min,0.035,2019-07-29 17:51:40
37,4,CT Drain Max,0.035,2019-07-29 17:51:40
37,5,CT4 Makeup,1546.0,2019-07-29 17:51:40
37,6,CT4 Makeup Ave Rate,0.0,2019-07-29 17:51:40
37,10,CT5 Makeup,999889.0,2019-07-29 17:51:40
37,11,CT5 Makeup Ave Rate,0.31,2019-07-29 17:51:40
37,12,CT5 Makeup Instantaneous,0.413,2019-07-29 17:51:40
37,13,CT5 Makeup Min,0.413,2019-07-29 17:51:40
37,14,CT5 Makeup Max,0.41700000000000004,2019-07-29 17:51:40
37,14,CT5 Makeup Max,0.417,2019-07-29 17:51:40
37,15,CT Makeup From B50,14398.0,2019-07-29 17:51:40
37,16,CT Makeup From B50 Ave Rate,0.0,2019-07-29 17:51:40
37,40,Output 01,0.0,2019-07-29 17:51:40
37,41,Output 02,0.0,2019-07-29 17:51:40
37,0,CT Drain,25424.0,2019-07-29 17:55:18
37,1,CT Drain Ave Rate,0.0,2019-07-29 17:55:18
37,5,CT4 Makeup,1546.0,2019-07-29 17:55:18
37,6,CT4 Makeup Ave Rate,0.0,2019-07-29 17:55:18
37,10,CT5 Makeup,999891.0,2019-07-29 17:55:18
37,11,CT5 Makeup Ave Rate,0.55,2019-07-29 17:55:18
37,12,CT5 Makeup Instantaneous,0.416,2019-07-29 17:55:18
37,13,CT5 Makeup Min,0.415,2019-07-29 17:55:18
37,14,CT5 Makeup Max,0.416,2019-07-29 17:55:18
37,12,CT5 Makeup Instantaneous,0.41600000000000004,2019-07-29 17:55:18
37,14,CT5 Makeup Max,0.41600000000000004,2019-07-29 17:55:18
37,15,CT Makeup From B50,14398.0,2019-07-29 17:55:18
37,16,CT Makeup From B50 Ave Rate,0.0,2019-07-29 17:55:18
37,40,Output 01,0.0,2019-07-29 17:55:18
37,41,Output 02,0.0,2019-07-29 17:55:18
37,0,CT Drain,25424.0,2019-07-29 18:05:50
37,5,CT4 Makeup,1546.0,2019-07-29 18:05:50
37,10,CT5 Makeup,999895.0,2019-07-29 18:05:50
37,12,CT5 Makeup Instantaneous,0.416,2019-07-29 18:05:50
37,13,CT5 Makeup Min,0.414,2019-07-29 18:05:50
37,14,CT5 Makeup Max,0.416,2019-07-29 18:05:50
37,12,CT5 Makeup Instantaneous,0.41600000000000004,2019-07-29 18:05:50
37,14,CT5 Makeup Max,0.41600000000000004,2019-07-29 18:05:50
37,15,CT Makeup From B50,14398.0,2019-07-29 18:05:50
37,40,Output 01,0.0,2019-07-29 18:05:50
37,41,Output 02,0.0,2019-07-29 18:05:50
37,0,CT Drain,25424.0,2019-07-29 18:10:32
37,1,CT Drain Ave Rate,0.0,2019-07-29 18:10:32
37,5,CT4 Makeup,1546.0,2019-07-29 18:10:32
37,6,CT4 Makeup Ave Rate,0.0,2019-07-29 18:10:32
37,10,CT5 Makeup,999897.0,2019-07-29 18:10:32
37,11,CT5 Makeup Ave Rate,0.426,2019-07-29 18:10:32
37,12,CT5 Makeup Instantaneous,0.418,2019-07-29 18:10:32
37,13,CT5 Makeup Min,0.418,2019-07-29 18:10:32
37,14,CT5 Makeup Max,0.418,2019-07-29 18:10:32
37,15,CT Makeup From B50,14398.0,2019-07-29 18:10:32
37,16,CT Makeup From B50 Ave Rate,0.0,2019-07-29 18:10:32
37,40,Output 01,0.0,2019-07-29 18:10:32
37,41,Output 02,0.0,2019-07-29 18:10:32
37,0,CT Drain,25424.0,2019-07-29 18:15:29
37,1,CT Drain Ave Rate,0.0,2019-07-29 18:15:29
37,5,CT4 Makeup,1546.0,2019-07-29 18:15:29
37,6,CT4 Makeup Ave Rate,0.0,2019-07-29 18:15:29
37,10,CT5 Makeup,999899.0,2019-07-29 18:15:29
37,11,CT5 Makeup Ave Rate,0.404,2019-07-29 18:15:29
37,12,CT5 Makeup Instantaneous,0.418,2019-07-29 18:15:29
37,13,CT5 Makeup Min,0.418,2019-07-29 18:15:29
37,14,CT5 Makeup Max,0.418,2019-07-29 18:15:29
37,11,CT5 Makeup Ave Rate,0.40399999999999997,2019-07-29 18:15:29
37,15,CT Makeup From B50,14398.0,2019-07-29 18:15:29
37,16,CT Makeup From B50 Ave Rate,0.0,2019-07-29 18:15:29
37,40,Output 01,0.0,2019-07-29 18:15:29
37,41,Output 02,0.0,2019-07-29 18:15:29
37,0,CT Drain,25424.0,2019-07-29 18:26:50
37,5,CT4 Makeup,1546.0,2019-07-29 18:26:50
37,10,CT5 Makeup,999904.0,2019-07-29 18:26:50
37,12,CT5 Makeup Instantaneous,0.41,2019-07-29 18:26:50
37,13,CT5 Makeup Min,0.409,2019-07-29 18:26:50
37,14,CT5 Makeup Max,0.411,2019-07-29 18:26:50
37,14,CT5 Makeup Max,0.41100000000000003,2019-07-29 18:26:50
37,15,CT Makeup From B50,14398.0,2019-07-29 18:26:50
37,40,Output 01,0.0,2019-07-29 18:26:50
37,41,Output 02,0.0,2019-07-29 18:26:50
37,0,CT Drain,25424.0,2019-07-29 18:30:10
37,1,CT Drain Ave Rate,0.0,2019-07-29 18:30:10
37,5,CT4 Makeup,1546.0,2019-07-29 18:30:10
37,6,CT4 Makeup Ave Rate,0.0,2019-07-29 18:30:10
37,10,CT5 Makeup,999905.0,2019-07-29 18:30:10
37,11,CT5 Makeup Ave Rate,0.3,2019-07-29 18:30:10
37,12,CT5 Makeup Instantaneous,0.41700000000000004,2019-07-29 18:30:10
37,13,CT5 Makeup Min,0.41700000000000004,2019-07-29 18:30:10
37,14,CT5 Makeup Max,0.41700000000000004,2019-07-29 18:30:10
37,12,CT5 Makeup Instantaneous,0.417,2019-07-29 18:30:10
37,13,CT5 Makeup Min,0.417,2019-07-29 18:30:10
37,14,CT5 Makeup Max,0.417,2019-07-29 18:30:10
37,15,CT Makeup From B50,14398.0,2019-07-29 18:30:10
37,16,CT Makeup From B50 Ave Rate,0.0,2019-07-29 18:30:10
37,40,Output 01,0.0,2019-07-29 18:30:10
37,41,Output 02,0.0,2019-07-29 18:30:10
37,0,CT Drain,25424.0,2019-07-29 18:35:29
37,1,CT Drain Ave Rate,0.0,2019-07-29 18:35:29
37,5,CT4 Makeup,1546.0,2019-07-29 18:35:29
37,6,CT4 Makeup Ave Rate,0.0,2019-07-29 18:35:29
37,10,CT5 Makeup,999907.0,2019-07-29 18:35:29
37,11,CT5 Makeup Ave Rate,0.376,2019-07-29 18:35:29
37,12,CT5 Makeup Instantaneous,0.411,2019-07-29 18:35:29
37,13,CT5 Makeup Min,0.411,2019-07-29 18:35:29
37,14,CT5 Makeup Max,0.417,2019-07-29 18:35:29
37,12,CT5 Makeup Instantaneous,0.41100000000000003,2019-07-29 18:35:29
37,13,CT5 Makeup Min,0.41100000000000003,2019-07-29 18:35:29
37,14,CT5 Makeup Max,0.41700000000000004,2019-07-29 18:35:29
37,15,CT Makeup From B50,14398.0,2019-07-29 18:35:29
37,16,CT Makeup From B50 Ave Rate,0.0,2019-07-29 18:35:29
37,40,Output 01,0.0,2019-07-29 18:35:29
37,41,Output 02,0.0,2019-07-29 18:35:29
37,0,CT Drain,25424.0,2019-07-29 18:40:30
37,1,CT Drain Ave Rate,0.0,2019-07-29 18:40:30
37,5,CT4 Makeup,1546.0,2019-07-29 18:40:30
37,6,CT4 Makeup Ave Rate,0.0,2019-07-29 18:40:30
37,10,CT5 Makeup,999909.0,2019-07-29 18:40:30
37,11,CT5 Makeup Ave Rate,0.39899999999999997,2019-07-29 18:40:30
37,12,CT5 Makeup Instantaneous,0.405,2019-07-29 18:40:30
37,13,CT5 Makeup Min,0.405,2019-07-29 18:40:30
37,14,CT5 Makeup Max,0.41,2019-07-29 18:40:30
37,11,CT5 Makeup Ave Rate,0.399,2019-07-29 18:40:30
37,15,CT Makeup From B50,14398.0,2019-07-29 18:40:30
37,16,CT Makeup From B50 Ave Rate,0.0,2019-07-29 18:40:30
37,40,Output 01,0.0,2019-07-29 18:40:30
37,41,Output 02,0.0,2019-07-29 18:40:30
37,0,CT Drain,25424.0,2019-07-29 18:47:41
37,1,CT Drain Ave Rate,0.0,2019-07-29 18:47:41
37,5,CT4 Makeup,1546.0,2019-07-29 18:47:41
37,6,CT4 Makeup Ave Rate,0.0,2019-07-29 18:47:41
37,10,CT5 Makeup,999912.0,2019-07-29 18:47:41
37,11,CT5 Makeup Ave Rate,0.418,2019-07-29 18:47:41
37,12,CT5 Makeup Instantaneous,0.402,2019-07-29 18:47:41
37,13,CT5 Makeup Min,0.4,2019-07-29 18:47:41
37,14,CT5 Makeup Max,0.405,2019-07-29 18:47:41
37,15,CT Makeup From B50,14398.0,2019-07-29 18:47:41
37,16,CT Makeup From B50 Ave Rate,0.0,2019-07-29 18:47:41
37,40,Output 01,0.0,2019-07-29 18:47:41
37,41,Output 02,0.0,2019-07-29 18:47:41
37,0,CT Drain,25424.0,2019-07-29 18:50:42
37,1,CT Drain Ave Rate,0.0,2019-07-29 18:50:42
37,5,CT4 Makeup,1546.0,2019-07-29 18:50:42
37,6,CT4 Makeup Ave Rate,0.0,2019-07-29 18:50:42
37,10,CT5 Makeup,999914.0,2019-07-29 18:50:42
37,11,CT5 Makeup Ave Rate,0.6629999999999999,2019-07-29 18:50:42
37,12,CT5 Makeup Instantaneous,0.40399999999999997,2019-07-29 18:50:42
37,13,CT5 Makeup Min,0.40399999999999997,2019-07-29 18:50:42
37,14,CT5 Makeup Max,0.40399999999999997,2019-07-29 18:50:42
37,12,CT5 Makeup Instantaneous,0.404,2019-07-29 18:50:42
37,13,CT5 Makeup Min,0.404,2019-07-29 18:50:42
37,14,CT5 Makeup Max,0.404,2019-07-29 18:50:42
37,15,CT Makeup From B50,14398.0,2019-07-29 18:50:42
37,16,CT Makeup From B50 Ave Rate,0.0,2019-07-29 18:50:42
37,40,Output 01,0.0,2019-07-29 18:50:42
37,41,Output 02,0.0,2019-07-29 18:50:42
37,0,CT Drain,25424.0,2019-07-29 18:55:40
37,1,CT Drain Ave Rate,0.0,2019-07-29 18:55:40
37,5,CT4 Makeup,1546.0,2019-07-29 18:55:40
37,6,CT4 Makeup Ave Rate,0.0,2019-07-29 18:55:40
37,10,CT5 Makeup,999916.0,2019-07-29 18:55:40
37,11,CT5 Makeup Ave Rate,0.403,2019-07-29 18:55:40
37,12,CT5 Makeup Instantaneous,0.412,2019-07-29 18:55:40
37,13,CT5 Makeup Min,0.404,2019-07-29 18:55:40
37,14,CT5 Makeup Max,0.412,2019-07-29 18:55:40
37,11,CT5 Makeup Ave Rate,0.40299999999999997,2019-07-29 18:55:40
37,12,CT5 Makeup Instantaneous,0.41200000000000003,2019-07-29 18:55:40
37,13,CT5 Makeup Min,0.40399999999999997,2019-07-29 18:55:40
37,14,CT5 Makeup Max,0.41200000000000003,2019-07-29 18:55:40
37,15,CT Makeup From B50,14398.0,2019-07-29 18:55:40
37,16,CT Makeup From B50 Ave Rate,0.0,2019-07-29 18:55:40
37,40,Output 01,0.0,2019-07-29 18:55:40
37,41,Output 02,0.0,2019-07-29 18:55:40
37,0,CT Drain,25425.0,2019-07-29 19:07:00
37,1,CT Drain Ave Rate,0.08800000000000001,2019-07-29 19:07:00
37,2,CT Drain Instantaneous,0.025,2019-07-29 19:07:00
37,3,CT Drain Min,0.025,2019-07-29 19:07:00
37,4,CT Drain Max,0.025,2019-07-29 19:07:00
37,5,CT4 Makeup,1546.0,2019-07-29 19:07:00
37,6,CT4 Makeup Ave Rate,0.0,2019-07-29 19:07:00
37,10,CT5 Makeup,999920.0,2019-07-29 19:07:00
37,11,CT5 Makeup Ave Rate,0.353,2019-07-29 19:07:00
37,12,CT5 Makeup Instantaneous,0.41,2019-07-29 19:07:00
37,13,CT5 Makeup Min,0.41,2019-07-29 19:07:00
37,14,CT5 Makeup Max,0.413,2019-07-29 19:07:00
37,15,CT Makeup From B50,14398.0,2019-07-29 19:07:00
37,16,CT Makeup From B50 Ave Rate,0.0,2019-07-29 19:07:00
37,40,Output 01,0.0,2019-07-29 19:07:00
37,41,Output 02,0.0,2019-07-29 19:07:00
37,0,CT Drain,25425.0,2019-07-29 19:10:51
37,1,CT Drain Ave Rate,0.0,2019-07-29 19:10:51
37,5,CT4 Makeup,1546.0,2019-07-29 19:10:51
37,6,CT4 Makeup Ave Rate,0.0,2019-07-29 19:10:51
37,10,CT5 Makeup,999922.0,2019-07-29 19:10:51
37,11,CT5 Makeup Ave Rate,0.519,2019-07-29 19:10:51
37,12,CT5 Makeup Instantaneous,0.409,2019-07-29 19:10:51
37,13,CT5 Makeup Min,0.409,2019-07-29 19:10:51
37,14,CT5 Makeup Max,0.409,2019-07-29 19:10:51
37,15,CT Makeup From B50,14398.0,2019-07-29 19:10:51
37,16,CT Makeup From B50 Ave Rate,0.0,2019-07-29 19:10:51
37,40,Output 01,0.0,2019-07-29 19:10:51
37,41,Output 02,0.0,2019-07-29 19:10:51
37,0,CT Drain,25425.0,2019-07-29 19:23:40
37,1,CT Drain Ave Rate,0.0,2019-07-29 19:23:40
37,5,CT4 Makeup,1546.0,2019-07-29 19:23:40
37,6,CT4 Makeup Ave Rate,0.0,2019-07-29 19:23:40
37,10,CT5 Makeup,999927.0,2019-07-29 19:23:40
37,11,CT5 Makeup Ave Rate,0.39,2019-07-29 19:23:40
37,12,CT5 Makeup Instantaneous,0.413,2019-07-29 19:23:40
37,13,CT5 Makeup Min,0.408,2019-07-29 19:23:40
37,14,CT5 Makeup Max,0.413,2019-07-29 19:23:40
37,15,CT Makeup From B50,14398.0,2019-07-29 19:23:40
37,16,CT Makeup From B50 Ave Rate,0.0,2019-07-29 19:23:40
37,40,Output 01,0.0,2019-07-29 19:23:40
37,41,Output 02,0.0,2019-07-29 19:23:40
37,0,CT Drain,25425.0,2019-07-29 19:25:31
37,1,CT Drain Ave Rate,0.0,2019-07-29 19:25:31
37,5,CT4 Makeup,1546.0,2019-07-29 19:25:31
37,6,CT4 Makeup Ave Rate,0.0,2019-07-29 19:25:31
37,10,CT5 Makeup,999928.0,2019-07-29 19:25:31
37,11,CT5 Makeup Ave Rate,0.541,2019-07-29 19:25:31
37,12,CT5 Makeup Instantaneous,0.415,2019-07-29 19:25:31
37,13,CT5 Makeup Min,0.415,2019-07-29 19:25:31
37,14,CT5 Makeup Max,0.415,2019-07-29 19:25:31
37,15,CT Makeup From B50,14398.0,2019-07-29 19:25:31
37,16,CT Makeup From B50 Ave Rate,0.0,2019-07-29 19:25:31
37,40,Output 01,0.0,2019-07-29 19:25:31
37,41,Output 02,0.0,2019-07-29 19:25:31
37,0,CT Drain,25425.0,2019-07-29 19:32:45
37,1,CT Drain Ave Rate,0.0,2019-07-29 19:32:45
37,5,CT4 Makeup,1546.0,2019-07-29 19:32:45
37,6,CT4 Makeup Ave Rate,0.0,2019-07-29 19:32:45
37,10,CT5 Makeup,999931.0,2019-07-29 19:32:45
37,11,CT5 Makeup Ave Rate,0.415,2019-07-29 19:32:45
37,12,CT5 Makeup Instantaneous,0.413,2019-07-29 19:32:45
37,13,CT5 Makeup Min,0.413,2019-07-29 19:32:45
37,14,CT5 Makeup Max,0.419,2019-07-29 19:32:45
37,15,CT Makeup From B50,14398.0,2019-07-29 19:32:45
37,16,CT Makeup From B50 Ave Rate,0.0,2019-07-29 19:32:45
37,40,Output 01,0.0,2019-07-29 19:32:45
37,41,Output 02,0.0,2019-07-29 19:32:45
37,0,CT Drain,25425.0,2019-07-29 19:39:40
37,1,CT Drain Ave Rate,0.0,2019-07-29 19:39:40
37,5,CT4 Makeup,1546.0,2019-07-29 19:39:40
37,6,CT4 Makeup Ave Rate,0.0,2019-07-29 19:39:40
37,10,CT5 Makeup,999934.0,2019-07-29 19:39:40
37,11,CT5 Makeup Ave Rate,0.434,2019-07-29 19:39:40
37,12,CT5 Makeup Instantaneous,0.416,2019-07-29 19:39:40
37,13,CT5 Makeup Min,0.414,2019-07-29 19:39:40
37,14,CT5 Makeup Max,0.416,2019-07-29 19:39:40
37,12,CT5 Makeup Instantaneous,0.41600000000000004,2019-07-29 19:39:40
37,14,CT5 Makeup Max,0.41600000000000004,2019-07-29 19:39:40
37,15,CT Makeup From B50,14398.0,2019-07-29 19:39:40
37,16,CT Makeup From B50 Ave Rate,0.0,2019-07-29 19:39:40
37,40,Output 01,0.0,2019-07-29 19:39:40
37,41,Output 02,0.0,2019-07-29 19:39:40
37,0,CT Drain,25426.0,2019-07-29 19:46:33
37,1,CT Drain Ave Rate,0.145,2019-07-29 19:46:33
37,2,CT Drain Instantaneous,0.031,2019-07-29 19:46:33
37,3,CT Drain Min,0.031,2019-07-29 19:46:33
37,4,CT Drain Max,0.031,2019-07-29 19:46:33
37,5,CT4 Makeup,1546.0,2019-07-29 19:46:33
37,6,CT4 Makeup Ave Rate,0.0,2019-07-29 19:46:33
37,10,CT5 Makeup,999937.0,2019-07-29 19:46:33
37,11,CT5 Makeup Ave Rate,0.436,2019-07-29 19:46:33
37,12,CT5 Makeup Instantaneous,0.41200000000000003,2019-07-29 19:46:33
37,13,CT5 Makeup Min,0.41200000000000003,2019-07-29 19:46:33
37,14,CT5 Makeup Max,0.41700000000000004,2019-07-29 19:46:33
37,12,CT5 Makeup Instantaneous,0.412,2019-07-29 19:46:33
37,13,CT5 Makeup Min,0.412,2019-07-29 19:46:33
37,14,CT5 Makeup Max,0.417,2019-07-29 19:46:33
37,15,CT Makeup From B50,14398.0,2019-07-29 19:46:33
37,16,CT Makeup From B50 Ave Rate,0.0,2019-07-29 19:46:33
37,40,Output 01,0.0,2019-07-29 19:46:33
37,41,Output 02,0.0,2019-07-29 19:46:33
37,0,CT Drain,25428.0,2019-07-29 20:27:00
37,2,CT Drain Instantaneous,0.028,2019-07-29 20:27:00
37,3,CT Drain Min,0.028,2019-07-29 20:27:00
37,4,CT Drain Max,0.029,2019-07-29 20:27:00
37,5,CT4 Makeup,1546.0,2019-07-29 20:27:00
37,10,CT5 Makeup,999953.0,2019-07-29 20:27:00
37,12,CT5 Makeup Instantaneous,0.401,2019-07-29 20:27:00
37,13,CT5 Makeup Min,0.401,2019-07-29 20:27:00
37,14,CT5 Makeup Max,0.42,2019-07-29 20:27:00
37,2,CT Drain Instantaneous,0.027999999999999997,2019-07-29 20:27:00
37,3,CT Drain Min,0.027999999999999997,2019-07-29 20:27:00
37,4,CT Drain Max,0.028999999999999998,2019-07-29 20:27:00
37,15,CT Makeup From B50,14398.0,2019-07-29 20:27:00
37,40,Output 01,0.0,2019-07-29 20:27:00
37,41,Output 02,0.0,2019-07-29 20:27:00
37,0,CT Drain,25428.0,2019-07-29 20:30:28
37,1,CT Drain Ave Rate,0.0,2019-07-29 20:30:28
37,5,CT4 Makeup,1546.0,2019-07-29 20:30:28
37,6,CT4 Makeup Ave Rate,0.0,2019-07-29 20:30:28
37,10,CT5 Makeup,999955.0,2019-07-29 20:30:28
37,11,CT5 Makeup Ave Rate,0.5770000000000001,2019-07-29 20:30:28
37,12,CT5 Makeup Instantaneous,0.40299999999999997,2019-07-29 20:30:28
37,13,CT5 Makeup Min,0.402,2019-07-29 20:30:28
37,14,CT5 Makeup Max,0.40299999999999997,2019-07-29 20:30:28
37,12,CT5 Makeup Instantaneous,0.403,2019-07-29 20:30:28
37,14,CT5 Makeup Max,0.403,2019-07-29 20:30:28
37,15,CT Makeup From B50,14398.0,2019-07-29 20:30:28
37,16,CT Makeup From B50 Ave Rate,0.0,2019-07-29 20:30:28
37,40,Output 01,0.0,2019-07-29 20:30:28
37,41,Output 02,0.0,2019-07-29 20:30:28
37,0,CT Drain,25429.0,2019-07-29 20:37:45
37,1,CT Drain Ave Rate,0.13699999999999998,2019-07-29 20:37:45
37,2,CT Drain Instantaneous,0.03,2019-07-29 20:37:45
37,3,CT Drain Min,0.03,2019-07-29 20:37:45
37,4,CT Drain Max,0.03,2019-07-29 20:37:45
37,5,CT4 Makeup,1546.0,2019-07-29 20:37:45
37,6,CT4 Makeup Ave Rate,0.0,2019-07-29 20:37:45
37,10,CT5 Makeup,999958.0,2019-07-29 20:37:45
37,11,CT5 Makeup Ave Rate,0.412,2019-07-29 20:37:45
37,12,CT5 Makeup Instantaneous,0.415,2019-07-29 20:37:45
37,13,CT5 Makeup Min,0.407,2019-07-29 20:37:45
37,14,CT5 Makeup Max,0.415,2019-07-29 20:37:45
37,11,CT5 Makeup Ave Rate,0.41200000000000003,2019-07-29 20:37:45
37,13,CT5 Makeup Min,0.40700000000000003,2019-07-29 20:37:45
37,15,CT Makeup From B50,14398.0,2019-07-29 20:37:45
37,16,CT Makeup From B50 Ave Rate,0.0,2019-07-29 20:37:45
37,40,Output 01,0.0,2019-07-29 20:37:45
37,41,Output 02,0.0,2019-07-29 20:37:45
37,0,CT Drain,25429.0,2019-07-29 20:45:46
37,5,CT4 Makeup,1546.0,2019-07-29 20:45:46
37,10,CT5 Makeup,999961.0,2019-07-29 20:45:46
37,12,CT5 Makeup Instantaneous,0.403,2019-07-29 20:45:46
37,13,CT5 Makeup Min,0.403,2019-07-29 20:45:46
37,14,CT5 Makeup Max,0.416,2019-07-29 20:45:46
37,12,CT5 Makeup Instantaneous,0.40299999999999997,2019-07-29 20:45:46
37,13,CT5 Makeup Min,0.40299999999999997,2019-07-29 20:45:46
37,14,CT5 Makeup Max,0.41600000000000004,2019-07-29 20:45:46
37,15,CT Makeup From B50,14398.0,2019-07-29 20:45:46
37,40,Output 01,0.0,2019-07-29 20:45:46
37,41,Output 02,0.0,2019-07-29 20:45:46
37,0,CT Drain,25430.0,2019-07-29 20:53:52
37,1,CT Drain Ave Rate,0.12300000000000001,2019-07-29 20:53:52
37,5,CT4 Makeup,1546.0,2019-07-29 20:53:52
37,6,CT4 Makeup Ave Rate,0.0,2019-07-29 20:53:52
37,10,CT5 Makeup,999964.0,2019-07-29 20:53:52
37,11,CT5 Makeup Ave Rate,0.37,2019-07-29 20:53:52
37,1,CT Drain Ave Rate,0.123,2019-07-29 20:53:52
37,15,CT Makeup From B50,14398.0,2019-07-29 20:53:52
37,16,CT Makeup From B50 Ave Rate,0.0,2019-07-29 20:53:52
37,40,Output 01,0.0,2019-07-29 20:53:52
37,41,Output 02,0.0,2019-07-29 20:53:52
37,0,CT Drain,25431.0,2019-07-29 21:06:20
37,2,CT Drain Instantaneous,0.063,2019-07-29 21:06:20
37,3,CT Drain Min,0.063,2019-07-29 21:06:20
37,4,CT Drain Max,0.063,2019-07-29 21:06:20
37,5,CT4 Makeup,1546.0,2019-07-29 21:06:20
37,10,CT5 Makeup,999969.0,2019-07-29 21:06:20
37,12,CT5 Makeup Instantaneous,0.41700000000000004,2019-07-29 21:06:20
37,13,CT5 Makeup Min,0.41700000000000004,2019-07-29 21:06:20
37,14,CT5 Makeup Max,0.418,2019-07-29 21:06:20
37,12,CT5 Makeup Instantaneous,0.417,2019-07-29 21:06:20
37,13,CT5 Makeup Min,0.417,2019-07-29 21:06:20
37,15,CT Makeup From B50,14398.0,2019-07-29 21:06:20
37,40,Output 01,0.0,2019-07-29 21:06:20
37,41,Output 02,0.0,2019-07-29 21:06:20
37,0,CT Drain,25432.0,2019-07-29 21:15:14
37,1,CT Drain Ave Rate,0.112,2019-07-29 21:15:14
37,2,CT Drain Instantaneous,0.07,2019-07-29 21:15:14
37,3,CT Drain Min,0.07,2019-07-29 21:15:14
37,4,CT Drain Max,0.07,2019-07-29 21:15:14
37,5,CT4 Makeup,1546.0,2019-07-29 21:15:14
37,6,CT4 Makeup Ave Rate,0.0,2019-07-29 21:15:14
37,10,CT5 Makeup,999973.0,2019-07-29 21:15:14
37,11,CT5 Makeup Ave Rate,0.449,2019-07-29 21:15:14
37,12,CT5 Makeup Instantaneous,0.414,2019-07-29 21:15:14
37,13,CT5 Makeup Min,0.412,2019-07-29 21:15:14
37,14,CT5 Makeup Max,0.414,2019-07-29 21:15:14
37,1,CT Drain Ave Rate,0.11199999999999999,2019-07-29 21:15:14
37,13,CT5 Makeup Min,0.41200000000000003,2019-07-29 21:15:14
37,15,CT Makeup From B50,14398.0,2019-07-29 21:15:14
37,16,CT Makeup From B50 Ave Rate,0.0,2019-07-29 21:15:14
37,40,Output 01,0.0,2019-07-29 21:15:14
37,41,Output 02,0.0,2019-07-29 21:15:14
37,0,CT Drain,25432.0,2019-07-29 21:22:00
37,1,CT Drain Ave Rate,0.0,2019-07-29 21:22:00
37,5,CT4 Makeup,1546.0,2019-07-29 21:22:00
37,6,CT4 Makeup Ave Rate,0.0,2019-07-29 21:22:00
37,10,CT5 Makeup,999976.0,2019-07-29 21:22:00
37,11,CT5 Makeup Ave Rate,0.44299999999999995,2019-07-29 21:22:00
37,11,CT5 Makeup Ave Rate,0.443,2019-07-29 21:22:00
37,15,CT Makeup From B50,14398.0,2019-07-29 21:22:00
37,16,CT Makeup From B50 Ave Rate,0.0,2019-07-29 21:22:00
37,40,Output 01,0.0,2019-07-29 21:22:00
37,41,Output 02,0.0,2019-07-29 21:22:00
37,0,CT Drain,25432.0,2019-07-29 21:25:33
37,1,CT Drain Ave Rate,0.0,2019-07-29 21:25:33
37,5,CT4 Makeup,1546.0,2019-07-29 21:25:33
37,6,CT4 Makeup Ave Rate,0.0,2019-07-29 21:25:33
37,10,CT5 Makeup,999977.0,2019-07-29 21:25:33
37,11,CT5 Makeup Ave Rate,0.282,2019-07-29 21:25:33
37,12,CT5 Makeup Instantaneous,0.416,2019-07-29 21:25:33
37,13,CT5 Makeup Min,0.416,2019-07-29 21:25:33
37,14,CT5 Makeup Max,0.416,2019-07-29 21:25:33
37,12,CT5 Makeup Instantaneous,0.41600000000000004,2019-07-29 21:25:33
37,13,CT5 Makeup Min,0.41600000000000004,2019-07-29 21:25:33
37,14,CT5 Makeup Max,0.41600000000000004,2019-07-29 21:25:33
37,15,CT Makeup From B50,14398.0,2019-07-29 21:25:33
37,16,CT Makeup From B50 Ave Rate,0.0,2019-07-29 21:25:33
37,40,Output 01,0.0,2019-07-29 21:25:33
37,41,Output 02,0.0,2019-07-29 21:25:33
37,0,CT Drain,25433.0,2019-07-29 21:30:32
37,1,CT Drain Ave Rate,0.201,2019-07-29 21:30:32
37,2,CT Drain Instantaneous,0.073,2019-07-29 21:30:32
37,3,CT Drain Min,0.073,2019-07-29 21:30:32
37,4,CT Drain Max,0.073,2019-07-29 21:30:32
37,5,CT4 Makeup,1546.0,2019-07-29 21:30:32
37,6,CT4 Makeup Ave Rate,0.0,2019-07-29 21:30:32
37,10,CT5 Makeup,999979.0,2019-07-29 21:30:32
37,11,CT5 Makeup Ave Rate,0.401,2019-07-29 21:30:32
37,12,CT5 Makeup Instantaneous,0.41100000000000003,2019-07-29 21:30:32
37,13,CT5 Makeup Min,0.409,2019-07-29 21:30:32
37,14,CT5 Makeup Max,0.41100000000000003,2019-07-29 21:30:32
37,12,CT5 Makeup Instantaneous,0.411,2019-07-29 21:30:32
37,14,CT5 Makeup Max,0.411,2019-07-29 21:30:32
37,15,CT Makeup From B50,14398.0,2019-07-29 21:30:32
37,16,CT Makeup From B50 Ave Rate,0.0,2019-07-29 21:30:32
37,40,Output 01,0.0,2019-07-29 21:30:32
37,41,Output 02,0.0,2019-07-29 21:30:32
37,0,CT Drain,25433.0,2019-07-29 21:37:23
37,1,CT Drain Ave Rate,0.0,2019-07-29 21:37:23
37,5,CT4 Makeup,1546.0,2019-07-29 21:37:23
37,6,CT4 Makeup Ave Rate,0.0,2019-07-29 21:37:23
37,10,CT5 Makeup,999982.0,2019-07-29 21:37:23
37,11,CT5 Makeup Ave Rate,0.438,2019-07-29 21:37:23
37,11,CT5 Makeup Ave Rate,0.43799999999999994,2019-07-29 21:37:23
37,15,CT Makeup From B50,14398.0,2019-07-29 21:37:23
37,16,CT Makeup From B50 Ave Rate,0.0,2019-07-29 21:37:23
37,40,Output 01,0.0,2019-07-29 21:37:23
37,41,Output 02,0.0,2019-07-29 21:37:23
37,0,CT Drain,25433.0,2019-07-29 21:44:58
37,1,CT Drain Ave Rate,0.0,2019-07-29 21:44:58
37,5,CT4 Makeup,1546.0,2019-07-29 21:44:58
37,6,CT4 Makeup Ave Rate,0.0,2019-07-29 21:44:58
37,10,CT5 Makeup,999985.0,2019-07-29 21:44:58
37,11,CT5 Makeup Ave Rate,0.396,2019-07-29 21:44:58
37,12,CT5 Makeup Instantaneous,0.402,2019-07-29 21:44:58
37,13,CT5 Makeup Min,0.402,2019-07-29 21:44:58
37,14,CT5 Makeup Max,0.402,2019-07-29 21:44:58
37,15,CT Makeup From B50,14398.0,2019-07-29 21:44:58
37,16,CT Makeup From B50 Ave Rate,0.0,2019-07-29 21:44:58
37,40,Output 01,0.0,2019-07-29 21:44:58
37,41,Output 02,0.0,2019-07-29 21:44:58
37,0,CT Drain,25434.0,2019-07-29 21:50:27
37,1,CT Drain Ave Rate,0.182,2019-07-29 21:50:27
37,5,CT4 Makeup,1546.0,2019-07-29 21:50:27
37,6,CT4 Makeup Ave Rate,0.0,2019-07-29 21:50:27
37,10,CT5 Makeup,999987.0,2019-07-29 21:50:27
37,11,CT5 Makeup Ave Rate,0.365,2019-07-29 21:50:27
37,12,CT5 Makeup Instantaneous,0.404,2019-07-29 21:50:27
37,13,CT5 Makeup Min,0.404,2019-07-29 21:50:27
37,14,CT5 Makeup Max,0.404,2019-07-29 21:50:27
37,12,CT5 Makeup Instantaneous,0.40399999999999997,2019-07-29 21:50:27
37,13,CT5 Makeup Min,0.40399999999999997,2019-07-29 21:50:27
37,14,CT5 Makeup Max,0.40399999999999997,2019-07-29 21:50:27
37,15,CT Makeup From B50,14398.0,2019-07-29 21:50:27
37,16,CT Makeup From B50 Ave Rate,0.0,2019-07-29 21:50:27
37,40,Output 01,0.0,2019-07-29 21:50:27
37,41,Output 02,0.0,2019-07-29 21:50:27
37,0,CT Drain,25434.0,2019-07-29 21:55:41
37,1,CT Drain Ave Rate,0.0,2019-07-29 21:55:41
37,5,CT4 Makeup,1546.0,2019-07-29 21:55:41
37,6,CT4 Makeup Ave Rate,0.0,2019-07-29 21:55:41
37,10,CT5 Makeup,999989.0,2019-07-29 21:55:41
37,11,CT5 Makeup Ave Rate,0.382,2019-07-29 21:55:41
37,12,CT5 Makeup Instantaneous,0.40700000000000003,2019-07-29 21:55:41
37,13,CT5 Makeup Min,0.40700000000000003,2019-07-29 21:55:41
37,14,CT5 Makeup Max,0.40700000000000003,2019-07-29 21:55:41
37,12,CT5 Makeup Instantaneous,0.407,2019-07-29 21:55:41
37,13,CT5 Makeup Min,0.407,2019-07-29 21:55:41
37,14,CT5 Makeup Max,0.407,2019-07-29 21:55:41
37,15,CT Makeup From B50,14398.0,2019-07-29 21:55:41
37,16,CT Makeup From B50 Ave Rate,0.0,2019-07-29 21:55:41
37,40,Output 01,0.0,2019-07-29 21:55:41
37,41,Output 02,0.0,2019-07-29 21:55:41
37,0,CT Drain,25435.0,2019-07-29 22:00:29
37,1,CT Drain Ave Rate,0.208,2019-07-29 22:00:29
37,2,CT Drain Instantaneous,0.07,2019-07-29 22:00:29
37,3,CT Drain Min,0.07,2019-07-29 22:00:29
37,4,CT Drain Max,0.07,2019-07-29 22:00:29
37,5,CT4 Makeup,1546.0,2019-07-29 22:00:29
37,6,CT4 Makeup Ave Rate,0.0,2019-07-29 22:00:29
37,10,CT5 Makeup,999991.0,2019-07-29 22:00:29
37,11,CT5 Makeup Ave Rate,0.417,2019-07-29 22:00:29
37,12,CT5 Makeup Instantaneous,0.406,2019-07-29 22:00:29
37,13,CT5 Makeup Min,0.405,2019-07-29 22:00:29
37,14,CT5 Makeup Max,0.406,2019-07-29 22:00:29
37,1,CT Drain Ave Rate,0.20800000000000002,2019-07-29 22:00:29
37,11,CT5 Makeup Ave Rate,0.41700000000000004,2019-07-29 22:00:29
37,15,CT Makeup From B50,14398.0,2019-07-29 22:00:29
37,16,CT Makeup From B50 Ave Rate,0.0,2019-07-29 22:00:29
37,40,Output 01,0.0,2019-07-29 22:00:29
37,41,Output 02,0.0,2019-07-29 22:00:29
37,0,CT Drain,25435.0,2019-07-29 22:11:39
37,1,CT Drain Ave Rate,0.0,2019-07-29 22:11:39
37,5,CT4 Makeup,1546.0,2019-07-29 22:11:39
37,6,CT4 Makeup Ave Rate,0.0,2019-07-29 22:11:39
37,10,CT5 Makeup,999996.0,2019-07-29 22:11:39
37,11,CT5 Makeup Ave Rate,0.44799999999999995,2019-07-29 22:11:39
37,12,CT5 Makeup Instantaneous,0.413,2019-07-29 22:11:39
37,13,CT5 Makeup Min,0.408,2019-07-29 22:11:39
37,14,CT5 Makeup Max,0.413,2019-07-29 22:11:39
37,11,CT5 Makeup Ave Rate,0.448,2019-07-29 22:11:39
37,15,CT Makeup From B50,14398.0,2019-07-29 22:11:39
37,16,CT Makeup From B50 Ave Rate,0.0,2019-07-29 22:11:39
37,40,Output 01,0.0,2019-07-29 22:11:39
37,41,Output 02,0.0,2019-07-29 22:11:39
37,0,CT Drain,25436.0,2019-07-29 22:15:28
37,1,CT Drain Ave Rate,0.262,2019-07-29 22:15:28
37,2,CT Drain Instantaneous,0.07,2019-07-29 22:15:28
37,3,CT Drain Min,0.07,2019-07-29 22:15:28
37,4,CT Drain Max,0.07,2019-07-29 22:15:28
37,5,CT4 Makeup,1546.0,2019-07-29 22:15:28
37,6,CT4 Makeup Ave Rate,0.0,2019-07-29 22:15:28
37,10,CT5 Makeup,999998.0,2019-07-29 22:15:28
37,11,CT5 Makeup Ave Rate,0.524,2019-07-29 22:15:28
37,12,CT5 Makeup Instantaneous,0.42,2019-07-29 22:15:28
37,13,CT5 Makeup Min,0.416,2019-07-29 22:15:28
37,14,CT5 Makeup Max,0.42,2019-07-29 22:15:28
37,13,CT5 Makeup Min,0.41600000000000004,2019-07-29 22:15:28
37,15,CT Makeup From B50,14398.0,2019-07-29 22:15:28
37,16,CT Makeup From B50 Ave Rate,0.0,2019-07-29 22:15:28
37,40,Output 01,0.0,2019-07-29 22:15:28
37,41,Output 02,0.0,2019-07-29 22:15:28
37,0,CT Drain,25436.0,2019-07-29 22:20:29
37,1,CT Drain Ave Rate,0.0,2019-07-29 22:20:29
37,5,CT4 Makeup,1546.0,2019-07-29 22:20:29
37,6,CT4 Makeup Ave Rate,0.0,2019-07-29 22:20:29
37,10,CT5 Makeup,1000000.0,2019-07-29 22:20:29
37,11,CT5 Makeup Ave Rate,0.39899999999999997,2019-07-29 22:20:29
37,12,CT5 Makeup Instantaneous,0.41600000000000004,2019-07-29 22:20:29
37,13,CT5 Makeup Min,0.41600000000000004,2019-07-29 22:20:29
37,14,CT5 Makeup Max,0.419,2019-07-29 22:20:29
37,11,CT5 Makeup Ave Rate,0.399,2019-07-29 22:20:29
37,12,CT5 Makeup Instantaneous,0.416,2019-07-29 22:20:29
37,13,CT5 Makeup Min,0.416,2019-07-29 22:20:29
37,15,CT Makeup From B50,14398.0,2019-07-29 22:20:29
37,16,CT Makeup From B50 Ave Rate,0.0,2019-07-29 22:20:29
37,40,Output 01,0.0,2019-07-29 22:20:29
37,41,Output 02,0.0,2019-07-29 22:20:29
37,0,CT Drain,25436.0,2019-07-29 22:25:27
37,1,CT Drain Ave Rate,0.0,2019-07-29 22:25:27
37,5,CT4 Makeup,1546.0,2019-07-29 22:25:27
37,6,CT4 Makeup Ave Rate,0.0,2019-07-29 22:25:27
37,10,CT5 Makeup,1000002.0,2019-07-29 22:25:27
37,11,CT5 Makeup Ave Rate,0.403,2019-07-29 22:25:27
37,12,CT5 Makeup Instantaneous,0.413,2019-07-29 22:25:27
37,13,CT5 Makeup Min,0.413,2019-07-29 22:25:27
37,14,CT5 Makeup Max,0.413,2019-07-29 22:25:27
37,11,CT5 Makeup Ave Rate,0.40299999999999997,2019-07-29 22:25:27
37,15,CT Makeup From B50,14398.0,2019-07-29 22:25:27
37,16,CT Makeup From B50 Ave Rate,0.0,2019-07-29 22:25:27
37,40,Output 01,0.0,2019-07-29 22:25:27
37,41,Output 02,0.0,2019-07-29 22:25:27
37,0,CT Drain,25437.0,2019-07-29 22:31:46
37,1,CT Drain Ave Rate,0.158,2019-07-29 22:31:46
37,5,CT4 Makeup,1546.0,2019-07-29 22:31:46
37,6,CT4 Makeup Ave Rate,0.0,2019-07-29 22:31:46
37,10,CT5 Makeup,1000004.0,2019-07-29 22:31:46
37,11,CT5 Makeup Ave Rate,0.317,2019-07-29 22:31:46
37,15,CT Makeup From B50,14398.0,2019-07-29 22:31:46
37,16,CT Makeup From B50 Ave Rate,0.0,2019-07-29 22:31:46
37,40,Output 01,0.0,2019-07-29 22:31:46
37,41,Output 02,0.0,2019-07-29 22:31:46
37,0,CT Drain,25437.0,2019-07-29 22:37:21
37,1,CT Drain Ave Rate,0.0,2019-07-29 22:37:21
37,5,CT4 Makeup,1546.0,2019-07-29 22:37:21
37,6,CT4 Makeup Ave Rate,0.0,2019-07-29 22:37:21
37,10,CT5 Makeup,1000007.0,2019-07-29 22:37:21
37,11,CT5 Makeup Ave Rate,0.537,2019-07-29 22:37:21
37,12,CT5 Makeup Instantaneous,0.409,2019-07-29 22:37:21
37,13,CT5 Makeup Min,0.409,2019-07-29 22:37:21
37,14,CT5 Makeup Max,0.411,2019-07-29 22:37:21
37,14,CT5 Makeup Max,0.41100000000000003,2019-07-29 22:37:21
37,15,CT Makeup From B50,14398.0,2019-07-29 22:37:21
37,16,CT Makeup From B50 Ave Rate,0.0,2019-07-29 22:37:21
37,40,Output 01,0.0,2019-07-29 22:37:21
37,41,Output 02,0.0,2019-07-29 22:37:21
37,0,CT Drain,25438.0,2019-07-29 22:42:14
37,1,CT Drain Ave Rate,0.205,2019-07-29 22:42:14
37,5,CT4 Makeup,1546.0,2019-07-29 22:42:14
37,6,CT4 Makeup Ave Rate,0.0,2019-07-29 22:42:14
37,10,CT5 Makeup,1000009.0,2019-07-29 22:42:14
37,11,CT5 Makeup Ave Rate,0.41,2019-07-29 22:42:14
37,12,CT5 Makeup Instantaneous,0.40700000000000003,2019-07-29 22:42:14
37,13,CT5 Makeup Min,0.40700000000000003,2019-07-29 22:42:14
37,14,CT5 Makeup Max,0.40700000000000003,2019-07-29 22:42:14
37,12,CT5 Makeup Instantaneous,0.407,2019-07-29 22:42:14
37,13,CT5 Makeup Min,0.407,2019-07-29 22:42:14
37,14,CT5 Makeup Max,0.407,2019-07-29 22:42:14
37,15,CT Makeup From B50,14398.0,2019-07-29 22:42:14
37,16,CT Makeup From B50 Ave Rate,0.0,2019-07-29 22:42:14
37,40,Output 01,0.0,2019-07-29 22:42:14
37,41,Output 02,0.0,2019-07-29 22:42:14
37,0,CT Drain,25438.0,2019-07-29 22:47:14
37,1,CT Drain Ave Rate,0.0,2019-07-29 22:47:14
37,5,CT4 Makeup,1546.0,2019-07-29 22:47:14
37,6,CT4 Makeup Ave Rate,0.0,2019-07-29 22:47:14
37,10,CT5 Makeup,1000011.0,2019-07-29 22:47:14
37,11,CT5 Makeup Ave Rate,0.4,2019-07-29 22:47:14
37,12,CT5 Makeup Instantaneous,0.403,2019-07-29 22:47:14
37,13,CT5 Makeup Min,0.403,2019-07-29 22:47:14
37,14,CT5 Makeup Max,0.408,2019-07-29 22:47:14
37,12,CT5 Makeup Instantaneous,0.40299999999999997,2019-07-29 22:47:14
37,13,CT5 Makeup Min,0.40299999999999997,2019-07-29 22:47:14
37,15,CT Makeup From B50,14398.0,2019-07-29 22:47:14
37,16,CT Makeup From B50 Ave Rate,0.0,2019-07-29 22:47:14
37,40,Output 01,0.0,2019-07-29 22:47:14
37,41,Output 02,0.0,2019-07-29 22:47:14
37,0,CT Drain,25438.0,2019-07-29 22:50:45
37,1,CT Drain Ave Rate,0.0,2019-07-29 22:50:45
37,5,CT4 Makeup,1546.0,2019-07-29 22:50:45
37,6,CT4 Makeup Ave Rate,0.0,2019-07-29 22:50:45
37,10,CT5 Makeup,1000012.0,2019-07-29 22:50:45
37,11,CT5 Makeup Ave Rate,0.284,2019-07-29 22:50:45
37,12,CT5 Makeup Instantaneous,0.409,2019-07-29 22:50:45
37,13,CT5 Makeup Min,0.409,2019-07-29 22:50:45
37,14,CT5 Makeup Max,0.409,2019-07-29 22:50:45
37,15,CT Makeup From B50,14398.0,2019-07-29 22:50:45
37,16,CT Makeup From B50 Ave Rate,0.0,2019-07-29 22:50:45
37,40,Output 01,0.0,2019-07-29 22:50:45
37,41,Output 02,0.0,2019-07-29 22:50:45
37,0,CT Drain,25439.0,2019-07-29 22:59:24
37,1,CT Drain Ave Rate,0.116,2019-07-29 22:59:24
37,5,CT4 Makeup,1546.0,2019-07-29 22:59:24
37,6,CT4 Makeup Ave Rate,0.0,2019-07-29 22:59:24
37,10,CT5 Makeup,1000016.0,2019-07-29 22:59:24
37,11,CT5 Makeup Ave Rate,0.462,2019-07-29 22:59:24
37,12,CT5 Makeup Instantaneous,0.418,2019-07-29 22:59:24
37,13,CT5 Makeup Min,0.418,2019-07-29 22:59:24
37,14,CT5 Makeup Max,0.418,2019-07-29 22:59:24
37,1,CT Drain Ave Rate,0.11599999999999999,2019-07-29 22:59:24
37,15,CT Makeup From B50,14398.0,2019-07-29 22:59:24
37,16,CT Makeup From B50 Ave Rate,0.0,2019-07-29 22:59:24
37,40,Output 01,0.0,2019-07-29 22:59:24
37,41,Output 02,0.0,2019-07-29 22:59:24
37,0,CT Drain,25440.0,2019-07-29 23:08:01
37,1,CT Drain Ave Rate,0.11599999999999999,2019-07-29 23:08:01
37,5,CT4 Makeup,1546.0,2019-07-29 23:08:01
37,6,CT4 Makeup Ave Rate,0.0,2019-07-29 23:08:01
37,10,CT5 Makeup,1000019.0,2019-07-29 23:08:01
37,11,CT5 Makeup Ave Rate,0.348,2019-07-29 23:08:01
37,1,CT Drain Ave Rate,0.116,2019-07-29 23:08:01
37,15,CT Makeup From B50,14398.0,2019-07-29 23:08:01
37,16,CT Makeup From B50 Ave Rate,0.0,2019-07-29 23:08:01
37,40,Output 01,0.0,2019-07-29 23:08:01
37,41,Output 02,0.0,2019-07-29 23:08:01
37,0,CT Drain,25440.0,2019-07-29 23:12:05
37,1,CT Drain Ave Rate,0.0,2019-07-29 23:12:05
37,5,CT4 Makeup,1546.0,2019-07-29 23:12:05
37,6,CT4 Makeup Ave Rate,0.0,2019-07-29 23:12:05
37,10,CT5 Makeup,1000021.0,2019-07-29 23:12:05
37,11,CT5 Makeup Ave Rate,0.4920000000000001,2019-07-29 23:12:05
37,15,CT Makeup From B50,14398.0,2019-07-29 23:12:05
37,16,CT Makeup From B50 Ave Rate,0.0,2019-07-29 23:12:05
37,40,Output 01,0.0,2019-07-29 23:12:05
37,41,Output 02,0.0,2019-07-29 23:12:05
37,0,CT Drain,25440.0,2019-07-29 23:16:50
37,1,CT Drain Ave Rate,0.0,2019-07-29 23:16:50
37,5,CT4 Makeup,1546.0,2019-07-29 23:16:50
37,6,CT4 Makeup Ave Rate,0.0,2019-07-29 23:16:50
37,10,CT5 Makeup,1000023.0,2019-07-29 23:16:50
37,11,CT5 Makeup Ave Rate,0.42100000000000004,2019-07-29 23:16:50
37,11,CT5 Makeup Ave Rate,0.421,2019-07-29 23:16:50
37,15,CT Makeup From B50,14398.0,2019-07-29 23:16:50
37,16,CT Makeup From B50 Ave Rate,0.0,2019-07-29 23:16:50
37,40,Output 01,0.0,2019-07-29 23:16:50
37,41,Output 02,0.0,2019-07-29 23:16:50
37,0,CT Drain,25441.0,2019-07-29 23:24:35
37,1,CT Drain Ave Rate,0.129,2019-07-29 23:24:35
37,5,CT4 Makeup,1546.0,2019-07-29 23:24:35
37,6,CT4 Makeup Ave Rate,0.0,2019-07-29 23:24:35
37,10,CT5 Makeup,1000026.0,2019-07-29 23:24:35
37,11,CT5 Makeup Ave Rate,0.387,2019-07-29 23:24:35
37,12,CT5 Makeup Instantaneous,0.417,2019-07-29 23:24:35
37,13,CT5 Makeup Min,0.417,2019-07-29 23:24:35
37,14,CT5 Makeup Max,0.417,2019-07-29 23:24:35
37,12,CT5 Makeup Instantaneous,0.41700000000000004,2019-07-29 23:24:35
37,13,CT5 Makeup Min,0.41700000000000004,2019-07-29 23:24:35
37,14,CT5 Makeup Max,0.41700000000000004,2019-07-29 23:24:35
37,15,CT Makeup From B50,14398.0,2019-07-29 23:24:35
37,16,CT Makeup From B50 Ave Rate,0.0,2019-07-29 23:24:35
37,40,Output 01,0.0,2019-07-29 23:24:35
37,41,Output 02,0.0,2019-07-29 23:24:35
37,0,CT Drain,25486.0,2019-07-30 17:43:19
37,5,CT4 Makeup,1546.0,2019-07-30 17:43:19
37,10,CT5 Makeup,1000408.0,2019-07-30 17:43:19
37,12,CT5 Makeup Instantaneous,0.418,2019-07-30 17:43:19
37,13,CT5 Makeup Min,0.418,2019-07-30 17:43:19
37,14,CT5 Makeup Max,0.418,2019-07-30 17:43:19
37,15,CT Makeup From B50,14398.0,2019-07-30 17:43:19
37,40,Output 01,0.0,2019-07-30 17:43:19
37,41,Output 02,0.0,2019-07-30 17:43:19
37,0,CT Drain,25486.0,2019-07-30 17:51:50
37,1,CT Drain Ave Rate,0.0,2019-07-30 17:51:50
37,5,CT4 Makeup,1546.0,2019-07-30 17:51:50
37,6,CT4 Makeup Ave Rate,0.0,2019-07-30 17:51:50
37,10,CT5 Makeup,1000411.0,2019-07-30 17:51:50
37,11,CT5 Makeup Ave Rate,0.35200000000000004,2019-07-30 17:51:50
37,15,CT Makeup From B50,14398.0,2019-07-30 17:51:50
37,16,CT Makeup From B50 Ave Rate,0.0,2019-07-30 17:51:50
37,40,Output 01,0.0,2019-07-30 17:51:50
37,41,Output 02,0.0,2019-07-30 17:51:50
37,0,CT Drain,25486.0,2019-07-30 17:55:36
37,1,CT Drain Ave Rate,0.0,2019-07-30 17:55:36
37,5,CT4 Makeup,1546.0,2019-07-30 17:55:36
37,6,CT4 Makeup Ave Rate,0.0,2019-07-30 17:55:36
37,10,CT5 Makeup,1000413.0,2019-07-30 17:55:36
37,11,CT5 Makeup Ave Rate,0.531,2019-07-30 17:55:36
37,12,CT5 Makeup Instantaneous,0.41200000000000003,2019-07-30 17:55:36
37,13,CT5 Makeup Min,0.41200000000000003,2019-07-30 17:55:36
37,14,CT5 Makeup Max,0.413,2019-07-30 17:55:36
37,12,CT5 Makeup Instantaneous,0.412,2019-07-30 17:55:36
37,13,CT5 Makeup Min,0.412,2019-07-30 17:55:36
37,15,CT Makeup From B50,14398.0,2019-07-30 17:55:36
37,16,CT Makeup From B50 Ave Rate,0.0,2019-07-30 17:55:36
37,40,Output 01,0.0,2019-07-30 17:55:36
37,41,Output 02,0.0,2019-07-30 17:55:36
37,0,CT Drain,25486.0,2019-07-30 18:01:37
37,1,CT Drain Ave Rate,0.0,2019-07-30 18:01:37
37,5,CT4 Makeup,1546.0,2019-07-30 18:01:37
37,6,CT4 Makeup Ave Rate,0.0,2019-07-30 18:01:37
37,10,CT5 Makeup,1000415.0,2019-07-30 18:01:37
37,11,CT5 Makeup Ave Rate,0.332,2019-07-30 18:01:37
37,12,CT5 Makeup Instantaneous,0.415,2019-07-30 18:01:37
37,13,CT5 Makeup Min,0.414,2019-07-30 18:01:37
37,14,CT5 Makeup Max,0.415,2019-07-30 18:01:37
37,15,CT Makeup From B50,14398.0,2019-07-30 18:01:37
37,16,CT Makeup From B50 Ave Rate,0.0,2019-07-30 18:01:37
37,40,Output 01,0.0,2019-07-30 18:01:37
37,41,Output 02,0.0,2019-07-30 18:01:37
37,0,CT Drain,25486.0,2019-07-30 18:05:34
37,1,CT Drain Ave Rate,0.0,2019-07-30 18:05:34
37,5,CT4 Makeup,1546.0,2019-07-30 18:05:34
37,6,CT4 Makeup Ave Rate,0.0,2019-07-30 18:05:34
37,10,CT5 Makeup,1000417.0,2019-07-30 18:05:34
37,11,CT5 Makeup Ave Rate,0.506,2019-07-30 18:05:34
37,12,CT5 Makeup Instantaneous,0.414,2019-07-30 18:05:34
37,13,CT5 Makeup Min,0.414,2019-07-30 18:05:34
37,14,CT5 Makeup Max,0.414,2019-07-30 18:05:34
37,15,CT Makeup From B50,14398.0,2019-07-30 18:05:34
37,16,CT Makeup From B50 Ave Rate,0.0,2019-07-30 18:05:34
37,40,Output 01,0.0,2019-07-30 18:05:34
37,41,Output 02,0.0,2019-07-30 18:05:34
37,0,CT Drain,25486.0,2019-07-30 18:10:44
37,1,CT Drain Ave Rate,0.0,2019-07-30 18:10:44
37,5,CT4 Makeup,1546.0,2019-07-30 18:10:44
37,6,CT4 Makeup Ave Rate,0.0,2019-07-30 18:10:44
37,10,CT5 Makeup,1000419.0,2019-07-30 18:10:44
37,11,CT5 Makeup Ave Rate,0.387,2019-07-30 18:10:44
37,12,CT5 Makeup Instantaneous,0.411,2019-07-30 18:10:44
37,13,CT5 Makeup Min,0.411,2019-07-30 18:10:44
37,14,CT5 Makeup Max,0.411,2019-07-30 18:10:44
37,12,CT5 Makeup Instantaneous,0.41100000000000003,2019-07-30 18:10:44
37,13,CT5 Makeup Min,0.41100000000000003,2019-07-30 18:10:44
37,14,CT5 Makeup Max,0.41100000000000003,2019-07-30 18:10:44
37,15,CT Makeup From B50,14398.0,2019-07-30 18:10:44
37,16,CT Makeup From B50 Ave Rate,0.0,2019-07-30 18:10:44
37,40,Output 01,0.0,2019-07-30 18:10:44
37,41,Output 02,0.0,2019-07-30 18:10:44
37,0,CT Drain,25486.0,2019-07-30 18:18:35
37,1,CT Drain Ave Rate,0.0,2019-07-30 18:18:35
37,5,CT4 Makeup,1546.0,2019-07-30 18:18:35
37,6,CT4 Makeup Ave Rate,0.0,2019-07-30 18:18:35
37,10,CT5 Makeup,1000422.0,2019-07-30 18:18:35
37,11,CT5 Makeup Ave Rate,0.382,2019-07-30 18:18:35
37,12,CT5 Makeup Instantaneous,0.41100000000000003,2019-07-30 18:18:35
37,13,CT5 Makeup Min,0.41100000000000003,2019-07-30 18:18:35
37,14,CT5 Makeup Max,0.41100000000000003,2019-07-30 18:18:35
37,12,CT5 Makeup Instantaneous,0.411,2019-07-30 18:18:35
37,13,CT5 Makeup Min,0.411,2019-07-30 18:18:35
37,14,CT5 Makeup Max,0.411,2019-07-30 18:18:35
37,15,CT Makeup From B50,14398.0,2019-07-30 18:18:35
37,16,CT Makeup From B50 Ave Rate,0.0,2019-07-30 18:18:35
37,40,Output 01,0.0,2019-07-30 18:18:35
37,41,Output 02,0.0,2019-07-30 18:18:35
37,0,CT Drain,25486.0,2019-07-30 18:26:46
37,1,CT Drain Ave Rate,0.0,2019-07-30 18:26:46
37,5,CT4 Makeup,1546.0,2019-07-30 18:26:46
37,6,CT4 Makeup Ave Rate,0.0,2019-07-30 18:26:46
37,10,CT5 Makeup,1000426.0,2019-07-30 18:26:46
37,11,CT5 Makeup Ave Rate,0.489,2019-07-30 18:26:46
37,12,CT5 Makeup Instantaneous,0.413,2019-07-30 18:26:46
37,13,CT5 Makeup Min,0.413,2019-07-30 18:26:46
37,14,CT5 Makeup Max,0.414,2019-07-30 18:26:46
37,15,CT Makeup From B50,14398.0,2019-07-30 18:26:46
37,16,CT Makeup From B50 Ave Rate,0.0,2019-07-30 18:26:46
37,40,Output 01,0.0,2019-07-30 18:26:46
37,41,Output 02,0.0,2019-07-30 18:26:46
37,0,CT Drain,25486.0,2019-07-30 18:31:02
37,1,CT Drain Ave Rate,0.0,2019-07-30 18:31:02
37,5,CT4 Makeup,1546.0,2019-07-30 18:31:02
37,6,CT4 Makeup Ave Rate,0.0,2019-07-30 18:31:02
37,10,CT5 Makeup,1000427.0,2019-07-30 18:31:02
37,11,CT5 Makeup Ave Rate,0.23399999999999999,2019-07-30 18:31:02
37,12,CT5 Makeup Instantaneous,0.41200000000000003,2019-07-30 18:31:02
37,13,CT5 Makeup Min,0.41200000000000003,2019-07-30 18:31:02
37,14,CT5 Makeup Max,0.41200000000000003,2019-07-30 18:31:02
37,11,CT5 Makeup Ave Rate,0.234,2019-07-30 18:31:02
37,12,CT5 Makeup Instantaneous,0.412,2019-07-30 18:31:02
37,13,CT5 Makeup Min,0.412,2019-07-30 18:31:02
37,14,CT5 Makeup Max,0.412,2019-07-30 18:31:02
37,15,CT Makeup From B50,14398.0,2019-07-30 18:31:02
37,16,CT Makeup From B50 Ave Rate,0.0,2019-07-30 18:31:02
37,40,Output 01,0.0,2019-07-30 18:31:02
37,41,Output 02,0.0,2019-07-30 18:31:02
37,0,CT Drain,25486.0,2019-07-30 18:42:12
37,1,CT Drain Ave Rate,0.0,2019-07-30 18:42:12
37,5,CT4 Makeup,1546.0,2019-07-30 18:42:12
37,6,CT4 Makeup Ave Rate,0.0,2019-07-30 18:42:12
37,10,CT5 Makeup,1000432.0,2019-07-30 18:42:12
37,11,CT5 Makeup Ave Rate,0.448,2019-07-30 18:42:12
37,11,CT5 Makeup Ave Rate,0.44799999999999995,2019-07-30 18:42:12
37,15,CT Makeup From B50,14398.0,2019-07-30 18:42:12
37,16,CT Makeup From B50 Ave Rate,0.0,2019-07-30 18:42:12
37,40,Output 01,0.0,2019-07-30 18:42:12
37,41,Output 02,0.0,2019-07-30 18:42:12
37,0,CT Drain,25486.0,2019-07-30 18:45:41
37,1,CT Drain Ave Rate,0.0,2019-07-30 18:45:41
37,5,CT4 Makeup,1546.0,2019-07-30 18:45:41
37,6,CT4 Makeup Ave Rate,0.0,2019-07-30 18:45:41
37,10,CT5 Makeup,1000433.0,2019-07-30 18:45:41
37,11,CT5 Makeup Ave Rate,0.287,2019-07-30 18:45:41
37,12,CT5 Makeup Instantaneous,0.41,2019-07-30 18:45:41
37,13,CT5 Makeup Min,0.41,2019-07-30 18:45:41
37,14,CT5 Makeup Max,0.41,2019-07-30 18:45:41
37,15,CT Makeup From B50,14398.0,2019-07-30 18:45:41
37,16,CT Makeup From B50 Ave Rate,0.0,2019-07-30 18:45:41
37,40,Output 01,0.0,2019-07-30 18:45:41
37,41,Output 02,0.0,2019-07-30 18:45:41
37,0,CT Drain,25486.0,2019-07-30 18:58:17
37,5,CT4 Makeup,1546.0,2019-07-30 18:58:17
37,10,CT5 Makeup,1000439.0,2019-07-30 18:58:17
37,12,CT5 Makeup Instantaneous,0.41600000000000004,2019-07-30 18:58:17
37,13,CT5 Makeup Min,0.41600000000000004,2019-07-30 18:58:17
37,14,CT5 Makeup Max,0.41600000000000004,2019-07-30 18:58:17
37,12,CT5 Makeup Instantaneous,0.416,2019-07-30 18:58:17
37,13,CT5 Makeup Min,0.416,2019-07-30 18:58:17
37,14,CT5 Makeup Max,0.416,2019-07-30 18:58:17
37,15,CT Makeup From B50,14398.0,2019-07-30 18:58:17
37,40,Output 01,0.0,2019-07-30 18:58:17
37,41,Output 02,0.0,2019-07-30 18:58:17
37,0,CT Drain,25486.0,2019-07-30 19:02:58
37,1,CT Drain Ave Rate,0.0,2019-07-30 19:02:58
37,5,CT4 Makeup,1546.0,2019-07-30 19:02:58
37,6,CT4 Makeup Ave Rate,0.0,2019-07-30 19:02:58
37,10,CT5 Makeup,1000441.0,2019-07-30 19:02:58
37,11,CT5 Makeup Ave Rate,0.4270000000000001,2019-07-30 19:02:58
37,12,CT5 Makeup Instantaneous,0.41,2019-07-30 19:02:58
37,13,CT5 Makeup Min,0.41,2019-07-30 19:02:58
37,14,CT5 Makeup Max,0.41,2019-07-30 19:02:58
37,15,CT Makeup From B50,14398.0,2019-07-30 19:02:58
37,16,CT Makeup From B50 Ave Rate,0.0,2019-07-30 19:02:58
37,40,Output 01,0.0,2019-07-30 19:02:58
37,41,Output 02,0.0,2019-07-30 19:02:58
37,0,CT Drain,25486.0,2019-07-30 19:23:07
37,5,CT4 Makeup,1546.0,2019-07-30 19:23:07
37,10,CT5 Makeup,1000449.0,2019-07-30 19:23:07
37,12,CT5 Makeup Instantaneous,0.413,2019-07-30 19:23:07
37,13,CT5 Makeup Min,0.413,2019-07-30 19:23:07
37,14,CT5 Makeup Max,0.42,2019-07-30 19:23:07
37,15,CT Makeup From B50,14398.0,2019-07-30 19:23:07
37,40,Output 01,0.0,2019-07-30 19:23:07
37,41,Output 02,0.0,2019-07-30 19:23:07
37,0,CT Drain,25486.0,2019-07-30 19:27:19
37,1,CT Drain Ave Rate,0.0,2019-07-30 19:27:19
37,5,CT4 Makeup,1546.0,2019-07-30 19:27:19
37,6,CT4 Makeup Ave Rate,0.0,2019-07-30 19:27:19
37,10,CT5 Makeup,1000451.0,2019-07-30 19:27:19
37,11,CT5 Makeup Ave Rate,0.47600000000000003,2019-07-30 19:27:19
37,12,CT5 Makeup Instantaneous,0.409,2019-07-30 19:27:19
37,13,CT5 Makeup Min,0.409,2019-07-30 19:27:19
37,14,CT5 Makeup Max,0.409,2019-07-30 19:27:19
37,11,CT5 Makeup Ave Rate,0.476,2019-07-30 19:27:19
37,15,CT Makeup From B50,14398.0,2019-07-30 19:27:19
37,16,CT Makeup From B50 Ave Rate,0.0,2019-07-30 19:27:19
37,40,Output 01,0.0,2019-07-30 19:27:19
37,41,Output 02,0.0,2019-07-30 19:27:19
37,0,CT Drain,25486.0,2019-07-30 19:32:13
37,1,CT Drain Ave Rate,0.0,2019-07-30 19:32:13
37,5,CT4 Makeup,1546.0,2019-07-30 19:32:13
37,6,CT4 Makeup Ave Rate,0.0,2019-07-30 19:32:13
37,10,CT5 Makeup,1000453.0,2019-07-30 19:32:13
37,11,CT5 Makeup Ave Rate,0.408,2019-07-30 19:32:13
37,15,CT Makeup From B50,14398.0,2019-07-30 19:32:13
37,16,CT Makeup From B50 Ave Rate,0.0,2019-07-30 19:32:13
37,40,Output 01,0.0,2019-07-30 19:32:13
37,41,Output 02,0.0,2019-07-30 19:32:13
37,0,CT Drain,25486.0,2019-07-30 19:37:14
37,1,CT Drain Ave Rate,0.0,2019-07-30 19:37:14
37,5,CT4 Makeup,1546.0,2019-07-30 19:37:14
37,6,CT4 Makeup Ave Rate,0.0,2019-07-30 19:37:14
37,10,CT5 Makeup,1000455.0,2019-07-30 19:37:14
37,11,CT5 Makeup Ave Rate,0.39899999999999997,2019-07-30 19:37:14
37,11,CT5 Makeup Ave Rate,0.399,2019-07-30 19:37:14
37,15,CT Makeup From B50,14398.0,2019-07-30 19:37:14
37,16,CT Makeup From B50 Ave Rate,0.0,2019-07-30 19:37:14
37,40,Output 01,0.0,2019-07-30 19:37:14
37,41,Output 02,0.0,2019-07-30 19:37:14
37,0,CT Drain,25486.0,2019-07-30 19:44:26
37,1,CT Drain Ave Rate,0.0,2019-07-30 19:44:26
37,5,CT4 Makeup,1546.0,2019-07-30 19:44:26
37,6,CT4 Makeup Ave Rate,0.0,2019-07-30 19:44:26
37,10,CT5 Makeup,1000458.0,2019-07-30 19:44:26
37,11,CT5 Makeup Ave Rate,0.417,2019-07-30 19:44:26
37,12,CT5 Makeup Instantaneous,0.414,2019-07-30 19:44:26
37,13,CT5 Makeup Min,0.414,2019-07-30 19:44:26
37,14,CT5 Makeup Max,0.414,2019-07-30 19:44:26
37,11,CT5 Makeup Ave Rate,0.41700000000000004,2019-07-30 19:44:26
37,15,CT Makeup From B50,14398.0,2019-07-30 19:44:26
37,16,CT Makeup From B50 Ave Rate,0.0,2019-07-30 19:44:26
37,40,Output 01,0.0,2019-07-30 19:44:26
37,41,Output 02,0.0,2019-07-30 19:44:26
37,0,CT Drain,25486.0,2019-07-30 19:52:54
37,1,CT Drain Ave Rate,0.0,2019-07-30 19:52:54
37,5,CT4 Makeup,1546.0,2019-07-30 19:52:54
37,6,CT4 Makeup Ave Rate,0.0,2019-07-30 19:52:54
37,10,CT5 Makeup,1000461.0,2019-07-30 19:52:54
37,11,CT5 Makeup Ave Rate,0.354,2019-07-30 19:52:54
37,12,CT5 Makeup Instantaneous,0.41,2019-07-30 19:52:54
37,13,CT5 Makeup Min,0.405,2019-07-30 19:52:54
37,14,CT5 Makeup Max,0.41,2019-07-30 19:52:54
37,15,CT Makeup From B50,14398.0,2019-07-30 19:52:54
37,16,CT Makeup From B50 Ave Rate,0.0,2019-07-30 19:52:54
37,40,Output 01,0.0,2019-07-30 19:52:54
37,41,Output 02,0.0,2019-07-30 19:52:54
37,0,CT Drain,25486.0,2019-07-30 19:57:15
37,1,CT Drain Ave Rate,0.0,2019-07-30 19:57:15
37,5,CT4 Makeup,1546.0,2019-07-30 19:57:15
37,6,CT4 Makeup Ave Rate,0.0,2019-07-30 19:57:15
37,10,CT5 Makeup,1000463.0,2019-07-30 19:57:15
37,11,CT5 Makeup Ave Rate,0.46,2019-07-30 19:57:15
37,15,CT Makeup From B50,14398.0,2019-07-30 19:57:15
37,16,CT Makeup From B50 Ave Rate,0.0,2019-07-30 19:57:15
37,40,Output 01,0.0,2019-07-30 19:57:15
37,41,Output 02,0.0,2019-07-30 19:57:15
37,0,CT Drain,25487.0,2019-07-30 20:12:40
37,5,CT4 Makeup,1546.0,2019-07-30 20:12:40
37,10,CT5 Makeup,1000469.0,2019-07-30 20:12:40
37,15,CT Makeup From B50,14398.0,2019-07-30 20:12:40
37,40,Output 01,0.0,2019-07-30 20:12:40
37,41,Output 02,0.0,2019-07-30 20:12:40
37,0,CT Drain,25487.0,2019-07-30 20:21:45
37,1,CT Drain Ave Rate,0.0,2019-07-30 20:21:45
37,5,CT4 Makeup,1546.0,2019-07-30 20:21:45
37,6,CT4 Makeup Ave Rate,0.0,2019-07-30 20:21:45
37,10,CT5 Makeup,1000473.0,2019-07-30 20:21:45
37,11,CT5 Makeup Ave Rate,0.44,2019-07-30 20:21:45
37,12,CT5 Makeup Instantaneous,0.409,2019-07-30 20:21:45
37,13,CT5 Makeup Min,0.409,2019-07-30 20:21:45
37,14,CT5 Makeup Max,0.409,2019-07-30 20:21:45
37,15,CT Makeup From B50,14398.0,2019-07-30 20:21:45
37,16,CT Makeup From B50 Ave Rate,0.0,2019-07-30 20:21:45
37,40,Output 01,0.0,2019-07-30 20:21:45
37,41,Output 02,0.0,2019-07-30 20:21:45
37,0,CT Drain,25488.0,2019-07-30 20:31:53
37,5,CT4 Makeup,1546.0,2019-07-30 20:31:53
37,10,CT5 Makeup,1000477.0,2019-07-30 20:31:53
37,12,CT5 Makeup Instantaneous,0.41700000000000004,2019-07-30 20:31:53
37,13,CT5 Makeup Min,0.41700000000000004,2019-07-30 20:31:53
37,14,CT5 Makeup Max,0.41700000000000004,2019-07-30 20:31:53
37,12,CT5 Makeup Instantaneous,0.417,2019-07-30 20:31:53
37,13,CT5 Makeup Min,0.417,2019-07-30 20:31:53
37,14,CT5 Makeup Max,0.417,2019-07-30 20:31:53
37,15,CT Makeup From B50,14398.0,2019-07-30 20:31:53
37,40,Output 01,0.0,2019-07-30 20:31:53
37,41,Output 02,0.0,2019-07-30 20:31:53
37,0,CT Drain,25489.0,2019-07-30 20:47:26
37,5,CT4 Makeup,1546.0,2019-07-30 20:47:26
37,10,CT5 Makeup,1000483.0,2019-07-30 20:47:26
37,15,CT Makeup From B50,14398.0,2019-07-30 20:47:26
37,40,Output 01,0.0,2019-07-30 20:47:26
37,41,Output 02,0.0,2019-07-30 20:47:26
37,0,CT Drain,25490.0,2019-07-30 20:53:05
37,1,CT Drain Ave Rate,0.177,2019-07-30 20:53:05
37,2,CT Drain Instantaneous,0.018000000000000002,2019-07-30 20:53:05
37,3,CT Drain Min,0.018000000000000002,2019-07-30 20:53:05
37,4,CT Drain Max,0.018000000000000002,2019-07-30 20:53:05
37,5,CT4 Makeup,1546.0,2019-07-30 20:53:05
37,6,CT4 Makeup Ave Rate,0.0,2019-07-30 20:53:05
37,10,CT5 Makeup,1000486.0,2019-07-30 20:53:05
37,11,CT5 Makeup Ave Rate,0.531,2019-07-30 20:53:05
37,12,CT5 Makeup Instantaneous,0.414,2019-07-30 20:53:05
37,13,CT5 Makeup Min,0.411,2019-07-30 20:53:05
37,14,CT5 Makeup Max,0.414,2019-07-30 20:53:05
37,13,CT5 Makeup Min,0.41100000000000003,2019-07-30 20:53:05
37,15,CT Makeup From B50,14398.0,2019-07-30 20:53:05
37,16,CT Makeup From B50 Ave Rate,0.0,2019-07-30 20:53:05
37,40,Output 01,0.0,2019-07-30 20:53:05
37,41,Output 02,0.0,2019-07-30 20:53:05
37,0,CT Drain,25490.0,2019-07-30 21:02:03
37,1,CT Drain Ave Rate,0.0,2019-07-30 21:02:03
37,5,CT4 Makeup,1546.0,2019-07-30 21:02:03
37,6,CT4 Makeup Ave Rate,0.0,2019-07-30 21:02:03
37,10,CT5 Makeup,1000490.0,2019-07-30 21:02:03
37,11,CT5 Makeup Ave Rate,0.446,2019-07-30 21:02:03
37,12,CT5 Makeup Instantaneous,0.41700000000000004,2019-07-30 21:02:03
37,13,CT5 Makeup Min,0.41700000000000004,2019-07-30 21:02:03
37,14,CT5 Makeup Max,0.41700000000000004,2019-07-30 21:02:03
37,12,CT5 Makeup Instantaneous,0.417,2019-07-30 21:02:03
37,13,CT5 Makeup Min,0.417,2019-07-30 21:02:03
37,14,CT5 Makeup Max,0.417,2019-07-30 21:02:03
37,15,CT Makeup From B50,14398.0,2019-07-30 21:02:03
37,16,CT Makeup From B50 Ave Rate,0.0,2019-07-30 21:02:03
37,40,Output 01,0.0,2019-07-30 21:02:03
37,41,Output 02,0.0,2019-07-30 21:02:03
37,0,CT Drain,25492.0,2019-07-30 21:15:43
37,2,CT Drain Instantaneous,0.07,2019-07-30 21:15:43
37,3,CT Drain Min,0.07,2019-07-30 21:15:43
37,4,CT Drain Max,0.07,2019-07-30 21:15:43
37,5,CT4 Makeup,1546.0,2019-07-30 21:15:43
37,10,CT5 Makeup,1000495.0,2019-07-30 21:15:43
37,12,CT5 Makeup Instantaneous,0.405,2019-07-30 21:15:43
37,13,CT5 Makeup Min,0.405,2019-07-30 21:15:43
37,14,CT5 Makeup Max,0.405,2019-07-30 21:15:43
37,15,CT Makeup From B50,14398.0,2019-07-30 21:15:43
37,40,Output 01,0.0,2019-07-30 21:15:43
37,41,Output 02,0.0,2019-07-30 21:15:43
37,0,CT Drain,25492.0,2019-07-30 21:23:17
37,1,CT Drain Ave Rate,0.0,2019-07-30 21:23:17
37,5,CT4 Makeup,1546.0,2019-07-30 21:23:17
37,6,CT4 Makeup Ave Rate,0.0,2019-07-30 21:23:17
37,10,CT5 Makeup,1000498.0,2019-07-30 21:23:17
37,11,CT5 Makeup Ave Rate,0.396,2019-07-30 21:23:17
37,15,CT Makeup From B50,14398.0,2019-07-30 21:23:17
37,16,CT Makeup From B50 Ave Rate,0.0,2019-07-30 21:23:17
37,40,Output 01,0.0,2019-07-30 21:23:17
37,41,Output 02,0.0,2019-07-30 21:23:17
37,0,CT Drain,25493.0,2019-07-30 21:26:34
37,1,CT Drain Ave Rate,0.305,2019-07-30 21:26:34
37,2,CT Drain Instantaneous,0.083,2019-07-30 21:26:34
37,3,CT Drain Min,0.083,2019-07-30 21:26:34
37,4,CT Drain Max,0.083,2019-07-30 21:26:34
37,5,CT4 Makeup,1546.0,2019-07-30 21:26:34
37,6,CT4 Makeup Ave Rate,0.0,2019-07-30 21:26:34
37,10,CT5 Makeup,1000500.0,2019-07-30 21:26:34
37,11,CT5 Makeup Ave Rate,0.609,2019-07-30 21:26:34
37,12,CT5 Makeup Instantaneous,0.408,2019-07-30 21:26:34
37,13,CT5 Makeup Min,0.408,2019-07-30 21:26:34
37,14,CT5 Makeup Max,0.408,2019-07-30 21:26:34
37,15,CT Makeup From B50,14398.0,2019-07-30 21:26:34
37,16,CT Makeup From B50 Ave Rate,0.0,2019-07-30 21:26:34
37,40,Output 01,0.0,2019-07-30 21:26:34
37,41,Output 02,0.0,2019-07-30 21:26:34
37,0,CT Drain,25493.0,2019-07-30 21:30:26
37,1,CT Drain Ave Rate,0.0,2019-07-30 21:30:26
37,5,CT4 Makeup,1546.0,2019-07-30 21:30:26
37,6,CT4 Makeup Ave Rate,0.0,2019-07-30 21:30:26
37,10,CT5 Makeup,1000501.0,2019-07-30 21:30:26
37,11,CT5 Makeup Ave Rate,0.259,2019-07-30 21:30:26
37,12,CT5 Makeup Instantaneous,0.407,2019-07-30 21:30:26
37,13,CT5 Makeup Min,0.407,2019-07-30 21:30:26
37,14,CT5 Makeup Max,0.407,2019-07-30 21:30:26
37,12,CT5 Makeup Instantaneous,0.40700000000000003,2019-07-30 21:30:26
37,13,CT5 Makeup Min,0.40700000000000003,2019-07-30 21:30:26
37,14,CT5 Makeup Max,0.40700000000000003,2019-07-30 21:30:26
37,15,CT Makeup From B50,14398.0,2019-07-30 21:30:26
37,16,CT Makeup From B50 Ave Rate,0.0,2019-07-30 21:30:26
37,40,Output 01,0.0,2019-07-30 21:30:26
37,41,Output 02,0.0,2019-07-30 21:30:26
37,0,CT Drain,25494.0,2019-07-30 21:35:26
37,1,CT Drain Ave Rate,0.2,2019-07-30 21:35:26
37,2,CT Drain Instantaneous,0.09300000000000001,2019-07-30 21:35:26
37,3,CT Drain Min,0.09300000000000001,2019-07-30 21:35:26
37,4,CT Drain Max,0.09300000000000001,2019-07-30 21:35:26
37,5,CT4 Makeup,1546.0,2019-07-30 21:35:26
37,6,CT4 Makeup Ave Rate,0.0,2019-07-30 21:35:26
37,10,CT5 Makeup,1000503.0,2019-07-30 21:35:26
37,11,CT5 Makeup Ave Rate,0.4,2019-07-30 21:35:26
37,12,CT5 Makeup Instantaneous,0.408,2019-07-30 21:35:26
37,13,CT5 Makeup Min,0.408,2019-07-30 21:35:26
37,14,CT5 Makeup Max,0.408,2019-07-30 21:35:26
37,2,CT Drain Instantaneous,0.093,2019-07-30 21:35:26
37,3,CT Drain Min,0.093,2019-07-30 21:35:26
37,4,CT Drain Max,0.093,2019-07-30 21:35:26
37,15,CT Makeup From B50,14398.0,2019-07-30 21:35:26
37,16,CT Makeup From B50 Ave Rate,0.0,2019-07-30 21:35:26
37,40,Output 01,0.0,2019-07-30 21:35:26
37,41,Output 02,0.0,2019-07-30 21:35:26
37,0,CT Drain,25495.0,2019-07-30 21:46:28
37,1,CT Drain Ave Rate,0.091,2019-07-30 21:46:28
37,5,CT4 Makeup,1546.0,2019-07-30 21:46:28
37,6,CT4 Makeup Ave Rate,0.0,2019-07-30 21:46:28
37,10,CT5 Makeup,1000508.0,2019-07-30 21:46:28
37,11,CT5 Makeup Ave Rate,0.453,2019-07-30 21:46:28
37,12,CT5 Makeup Instantaneous,0.418,2019-07-30 21:46:28
37,13,CT5 Makeup Min,0.415,2019-07-30 21:46:28
37,14,CT5 Makeup Max,0.418,2019-07-30 21:46:28
37,11,CT5 Makeup Ave Rate,0.45299999999999996,2019-07-30 21:46:28
37,15,CT Makeup From B50,14398.0,2019-07-30 21:46:28
37,16,CT Makeup From B50 Ave Rate,0.0,2019-07-30 21:46:28
37,40,Output 01,0.0,2019-07-30 21:46:28
37,41,Output 02,0.0,2019-07-30 21:46:28
37,0,CT Drain,25496.0,2019-07-30 21:52:22
37,1,CT Drain Ave Rate,0.16899999999999998,2019-07-30 21:52:22
37,5,CT4 Makeup,1546.0,2019-07-30 21:52:22
37,6,CT4 Makeup Ave Rate,0.0,2019-07-30 21:52:22
37,10,CT5 Makeup,1000510.0,2019-07-30 21:52:22
37,11,CT5 Makeup Ave Rate,0.33899999999999997,2019-07-30 21:52:22
37,11,CT5 Makeup Ave Rate,0.339,2019-07-30 21:52:22
37,15,CT Makeup From B50,14398.0,2019-07-30 21:52:22
37,16,CT Makeup From B50 Ave Rate,0.0,2019-07-30 21:52:22
37,40,Output 01,0.0,2019-07-30 21:52:22
37,41,Output 02,0.0,2019-07-30 21:52:22
37,0,CT Drain,25496.0,2019-07-30 21:57:08
37,1,CT Drain Ave Rate,0.0,2019-07-30 21:57:08
37,5,CT4 Makeup,1546.0,2019-07-30 21:57:08
37,6,CT4 Makeup Ave Rate,0.0,2019-07-30 21:57:08
37,10,CT5 Makeup,1000512.0,2019-07-30 21:57:08
37,11,CT5 Makeup Ave Rate,0.42,2019-07-30 21:57:08
37,12,CT5 Makeup Instantaneous,0.412,2019-07-30 21:57:08
37,13,CT5 Makeup Min,0.409,2019-07-30 21:57:08
37,14,CT5 Makeup Max,0.412,2019-07-30 21:57:08
37,12,CT5 Makeup Instantaneous,0.41200000000000003,2019-07-30 21:57:08
37,14,CT5 Makeup Max,0.41200000000000003,2019-07-30 21:57:08
37,15,CT Makeup From B50,14398.0,2019-07-30 21:57:08
37,16,CT Makeup From B50 Ave Rate,0.0,2019-07-30 21:57:08
37,40,Output 01,0.0,2019-07-30 21:57:08
37,41,Output 02,0.0,2019-07-30 21:57:08
37,0,CT Drain,25497.0,2019-07-30 22:02:04
37,1,CT Drain Ave Rate,0.203,2019-07-30 22:02:04
37,2,CT Drain Instantaneous,0.113,2019-07-30 22:02:04
37,3,CT Drain Min,0.113,2019-07-30 22:02:04
37,4,CT Drain Max,0.113,2019-07-30 22:02:04
37,5,CT4 Makeup,1546.0,2019-07-30 22:02:04
37,6,CT4 Makeup Ave Rate,0.0,2019-07-30 22:02:04
37,10,CT5 Makeup,1000514.0,2019-07-30 22:02:04
37,11,CT5 Makeup Ave Rate,0.405,2019-07-30 22:02:04
37,12,CT5 Makeup Instantaneous,0.41,2019-07-30 22:02:04
37,13,CT5 Makeup Min,0.41,2019-07-30 22:02:04
37,14,CT5 Makeup Max,0.41,2019-07-30 22:02:04
37,0,CT Drain,25498.0,2019-07-30 22:12:15
37,1,CT Drain Ave Rate,0.098,2019-07-30 22:12:15
37,2,CT Drain Instantaneous,0.115,2019-07-30 22:12:15
37,3,CT Drain Min,0.115,2019-07-30 22:12:15
37,4,CT Drain Max,0.115,2019-07-30 22:12:15
37,5,CT4 Makeup,1546.0,2019-07-30 22:12:15
37,6,CT4 Makeup Ave Rate,0.0,2019-07-30 22:12:15
37,10,CT5 Makeup,1000518.0,2019-07-30 22:12:15
37,11,CT5 Makeup Ave Rate,0.393,2019-07-30 22:12:15
37,12,CT5 Makeup Instantaneous,0.41,2019-07-30 22:12:15
37,13,CT5 Makeup Min,0.41,2019-07-30 22:12:15
37,14,CT5 Makeup Max,0.412,2019-07-30 22:12:15
37,15,CT Makeup From B50,14398.0,2019-07-30 22:02:04
37,16,CT Makeup From B50 Ave Rate,0.0,2019-07-30 22:02:04
37,40,Output 01,0.0,2019-07-30 22:02:04
37,41,Output 02,0.0,2019-07-30 22:02:04
37,11,CT5 Makeup Ave Rate,0.39299999999999996,2019-07-30 22:12:15
37,14,CT5 Makeup Max,0.41200000000000003,2019-07-30 22:12:15
37,15,CT Makeup From B50,14398.0,2019-07-30 22:12:15
37,16,CT Makeup From B50 Ave Rate,0.0,2019-07-30 22:12:15
37,40,Output 01,0.0,2019-07-30 22:12:15
37,41,Output 02,0.0,2019-07-30 22:12:15
37,0,CT Drain,25499.0,2019-07-30 22:17:17
37,1,CT Drain Ave Rate,0.19899999999999998,2019-07-30 22:17:17
37,5,CT4 Makeup,1546.0,2019-07-30 22:17:17
37,6,CT4 Makeup Ave Rate,0.0,2019-07-30 22:17:17
37,10,CT5 Makeup,1000520.0,2019-07-30 22:17:17
37,11,CT5 Makeup Ave Rate,0.397,2019-07-30 22:17:17
37,11,CT5 Makeup Ave Rate,0.49200000000000005,2019-07-29 23:12:05
37,11,CT5 Makeup Ave Rate,0.42700000000000005,2019-07-30 19:02:58
037,00,CT Drain,25498.000,2019-07-30 22:12:15
037,01,CT Drain Ave Rate,0.098,2019-07-30 22:12:15
037,02,CT Drain Instantaneous,0.115,2019-07-30 22:12:15
037,03,CT Drain Min,0.115,2019-07-30 22:12:15
037,04,CT Drain Max,0.115,2019-07-30 22:12:15
037,05,CT4 Makeup,1546.000,2019-07-30 22:12:15
037,06,CT4 Makeup Ave Rate,0,2019-07-30 22:12:15
037,07,CT4 Makeup Instantaneous,NULL,2019-07-30 22:12:15
037,08,CT4 Makeup Min,NULL,2019-07-30 22:12:15
037,09,CT4 Makeup Max,NULL,2019-07-30 22:12:15
037,10,CT5 Makeup,1000518.000,2019-07-30 22:12:15
037,11,CT5 Makeup Ave Rate,0.393,2019-07-30 22:12:15
037,12,CT5 Makeup Instantaneous,0.410,2019-07-30 22:12:15
037,13,CT5 Makeup Min,0.410,2019-07-30 22:12:15
037,14,CT5 Makeup Max,0.412,2019-07-30 22:12:15
037,15,CT Makeup From B50,14398.000,2019-07-30 22:12:15
037,16,CT Makeup From B50 Ave Rate,0,2019-07-30 22:12:15
037,17,CT Makeup From B50 Instantaneous,NULL,2019-07-30 22:12:15
037,18,CT Makeup From B50 Min,NULL,2019-07-30 22:12:15
037,19,CT Makeup From B50 Max,NULL,2019-07-30 22:12:15
037,20,Input 5,NULL,2019-07-30 22:12:15
037,21,-,NULL,2019-07-30 22:12:15
037,22,-,NULL,2019-07-30 22:12:15
037,23,-,NULL,2019-07-30 22:12:15
037,24,-,NULL,2019-07-30 22:12:15
037,25,Input 6,NULL,2019-07-30 22:12:15
037,26,-,NULL,2019-07-30 22:12:15
037,27,-,NULL,2019-07-30 22:12:15
037,28,-,NULL,2019-07-30 22:12:15
037,29,-,NULL,2019-07-30 22:12:15
037,30,Input 7,NULL,2019-07-30 22:12:15
037,31,-,NULL,2019-07-30 22:12:15
037,32,-,NULL,2019-07-30 22:12:15
037,33,-,NULL,2019-07-30 22:12:15
037,34,-,NULL,2019-07-30 22:12:15
037,35,Input 8,NULL,2019-07-30 22:12:15
037,36,-,NULL,2019-07-30 22:12:15
037,37,-,NULL,2019-07-30 22:12:15
037,38,-,NULL,2019-07-30 22:12:15
037,39,-,NULL,2019-07-30 22:12:15
037,40,Output 01,0,2019-07-30 22:12:15
037,41,Output 02,0,2019-07-30 22:12:15
037,00,CT Drain,25499.000,2019-07-30 22:17:17
037,01,CT Drain Ave Rate,0.199,2019-07-30 22:17:17
037,02,CT Drain Instantaneous,NULL,2019-07-30 22:17:17
037,03,CT Drain Min,NULL,2019-07-30 22:17:17
037,04,CT Drain Max,NULL,2019-07-30 22:17:17
037,05,CT4 Makeup,1546.000,2019-07-30 22:17:17
037,06,CT4 Makeup Ave Rate,0,2019-07-30 22:17:17
037,07,CT4 Makeup Instantaneous,NULL,2019-07-30 22:17:17
037,08,CT4 Makeup Min,NULL,2019-07-30 22:17:17
037,09,CT4 Makeup Max,NULL,2019-07-30 22:17:17
037,10,CT5 Makeup,1000520.000,2019-07-30 22:17:17
037,11,CT5 Makeup Ave Rate,0.397,2019-07-30 22:17:17
037,12,CT5 Makeup Instantaneous,NULL,2019-07-30 22:17:17
037,13,CT5 Makeup Min,NULL,2019-07-30 22:17:17
037,14,CT5 Makeup Max,NULL,2019-07-30 22:17:17
037,15,CT Makeup From B50,14398.000,2019-07-30 22:17:17
037,16,CT Makeup From B50 Ave Rate,0,2019-07-30 22:17:17
037,17,CT Makeup From B50 Instantaneous,NULL,2019-07-30 22:17:17
037,18,CT Makeup From B50 Min,NULL,2019-07-30 22:17:17
037,19,CT Makeup From B50 Max,NULL,2019-07-30 22:17:17
037,20,Input 5,NULL,2019-07-30 22:17:17
037,21,-,NULL,2019-07-30 22:17:17
037,22,-,NULL,2019-07-30 22:17:17
037,23,-,NULL,2019-07-30 22:17:17
037,24,-,NULL,2019-07-30 22:17:17
037,25,Input 6,NULL,2019-07-30 22:17:17
037,26,-,NULL,2019-07-30 22:17:17
037,27,-,NULL,2019-07-30 22:17:17
037,28,-,NULL,2019-07-30 22:17:17
037,29,-,NULL,2019-07-30 22:17:17
037,30,Input 7,NULL,2019-07-30 22:17:17
037,31,-,NULL,2019-07-30 22:17:17
037,32,-,NULL,2019-07-30 22:17:17
037,33,-,NULL,2019-07-30 22:17:17
037,34,-,NULL,2019-07-30 22:17:17
037,35,Input 8,NULL,2019-07-30 22:17:17
037,36,-,NULL,2019-07-30 22:17:17
037,37,-,NULL,2019-07-30 22:17:17
037,38,-,NULL,2019-07-30 22:17:17
037,39,-,NULL,2019-07-30 22:17:17
037,40,Output 01,0,2019-07-30 22:17:17
037,41,Output 02,0,2019-07-30 22:17:17
037,00,CT Drain,25499.000,2019-07-30 22:21:52
037,01,CT Drain Ave Rate,0,2019-07-30 22:21:52
037,02,CT Drain Instantaneous,NULL,2019-07-30 22:21:52
037,03,CT Drain Min,NULL,2019-07-30 22:21:52
037,04,CT Drain Max,NULL,2019-07-30 22:21:52
037,05,CT4 Makeup,1546.000,2019-07-30 22:21:52
037,06,CT4 Makeup Ave Rate,0,2019-07-30 22:21:52
037,07,CT4 Makeup Instantaneous,NULL,2019-07-30 22:21:52
037,08,CT4 Makeup Min,NULL,2019-07-30 22:21:52
037,09,CT4 Makeup Max,NULL,2019-07-30 22:21:52
037,10,CT5 Makeup,1000522.000,2019-07-30 22:21:52
037,11,CT5 Makeup Ave Rate,0.436,2019-07-30 22:21:52
037,12,CT5 Makeup Instantaneous,0.410,2019-07-30 22:21:52
037,13,CT5 Makeup Min,0.410,2019-07-30 22:21:52
037,14,CT5 Makeup Max,0.414,2019-07-30 22:21:52
